Company,Product,TypeName,Inches,ScreenResolution,Cpu,Ram,Memory,Gpu,OpSys,Weight,Price_euros
4.0,178.0,3.0,15.6,0.0,2.7,8,9.0,0.0,5.0,2.36,749.0
2.0,425.0,3.0,15.6,0.0,1.1,4,9.0,1.0,5.0,2.0,449.0
16.0,258.0,3.0,13.3,3.0,2.3,8,15.0,1.0,7.0,1.2,1460.0
4.0,38.0,1.0,15.6,13.0,2.8,16,17.0,2.0,5.0,4.42,2868.99
4.0,215.0,4.0,12.5,3.0,2.4,8,15.0,1.0,7.0,1.26,1713.37
2.0,461.0,0.0,15.6,3.0,2.7,12,30.0,2.0,5.0,2.26,1099.0
2.0,430.0,3.0,15.6,3.0,2.0,4,15.0,1.0,2.0,2.0,415.0
11.0,122.0,1.0,15.6,3.0,2.8,8,4.0,2.0,5.0,2.4,1142.8
2.0,382.0,4.0,14.0,3.0,2.7,8,15.0,2.0,5.0,1.3,1193.0
2.0,299.0,1.0,15.6,3.0,2.8,16,17.0,2.0,5.0,2.5,1600.0
2.0,421.0,3.0,15.6,0.0,1.6,4,9.0,1.0,5.0,2.65,309.0
4.0,180.0,3.0,15.6,3.0,1.8,8,4.0,1.0,5.0,2.02,855.0
16.0,328.0,3.0,15.6,0.0,2.3,8,15.0,1.0,5.0,2.2,1119.0
7.0,22.0,3.0,15.6,3.0,3.0,6,15.0,0.0,5.0,1.95,649.0
16.0,307.0,3.0,14.0,0.0,2.1,4,3.0,1.0,5.0,1.75,499.0
4.0,209.0,4.0,15.6,3.0,1.6,8,15.0,1.0,5.0,1.88,1096.16
10.0,446.0,0.0,14.0,3.0,2.4,4,15.0,1.0,5.0,1.74,629.0
0.0,50.0,3.0,15.6,0.0,2.5,6,9.0,1.0,5.0,2.23,549.0
10.0,364.0,3.0,15.6,13.0,3.1,32,11.0,2.0,5.0,2.5,4899.0
0.0,47.0,3.0,17.3,3.0,1.6,8,15.0,2.0,5.0,3.0,854.0
10.0,454.0,0.0,10.1,4.0,1.44,4,32.0,1.0,5.0,0.69,646.27
7.0,29.0,3.0,17.3,3.0,2.5,6,21.0,0.0,5.0,2.71,655.01
7.0,80.0,2.0,12.5,0.0,2.6,8,15.0,1.0,5.0,1.26,1389.0
7.0,239.0,1.0,17.3,3.0,2.8,16,17.0,2.0,5.0,3.35,1379.0
4.0,265.0,5.0,15.6,13.0,2.8,8,15.0,2.0,5.0,1.78,2712.0
2.0,422.0,3.0,15.6,3.0,2.0,4,9.0,1.0,2.0,2.0,389.0
0.0,95.0,3.0,15.6,0.0,2.5,4,25.0,1.0,5.0,2.4,559.0
10.0,144.0,3.0,15.6,3.0,2.5,6,15.0,2.0,5.0,2.4,695.0
10.0,149.0,3.0,15.6,0.0,1.1,4,9.0,1.0,5.0,2.2,306.0
7.0,276.0,3.0,14.0,3.0,2.5,8,15.0,1.0,5.0,1.95,980.0
4.0,174.0,3.0,15.6,3.0,1.6,8,15.0,0.0,5.0,2.13,728.0
2.0,115.0,1.0,15.6,3.0,2.8,8,4.0,2.0,5.0,2.5,1265.0
10.0,62.0,3.0,15.6,3.0,2.5,8,1.0,0.0,7.0,2.32,895.0
4.0,416.0,3.0,15.6,0.0,2.0,4,9.0,0.0,5.0,2.18,614.0
0.0,73.0,3.0,15.6,3.0,1.5,4,6.0,1.0,1.0,2.2,359.0
10.0,147.0,3.0,15.6,3.0,3.6,6,15.0,0.0,5.0,2.2,597.57
4.0,172.0,3.0,15.6,0.0,1.6,4,25.0,1.0,5.0,2.2,369.0
2.0,433.0,3.0,15.6,0.0,1.6,4,25.0,1.0,5.0,2.2,369.0
0.0,40.0,3.0,15.6,0.0,2.7,4,9.0,1.0,2.0,2.1,367.0
2.0,411.0,4.0,15.6,3.0,2.7,8,15.0,2.0,5.0,1.7,1049.9
11.0,118.0,1.0,15.6,3.0,2.5,8,4.0,2.0,5.0,2.2,1119.91
4.0,182.0,0.0,15.6,3.0,2.7,8,15.0,1.0,5.0,2.3,1094.0
7.0,5.0,4.0,15.6,3.0,1.8,8,15.0,1.0,5.0,1.91,659.0
7.0,277.0,3.0,15.6,3.0,2.9,8,15.0,1.0,5.0,2.31,1427.0
7.0,76.0,0.0,11.6,0.0,1.1,8,32.0,1.0,1.0,1.4,495.0
7.0,81.0,3.0,14.0,3.0,2.6,8,15.0,1.0,5.0,1.48,1268.0
4.0,173.0,3.0,15.6,0.0,2.0,4,9.0,1.0,5.0,2.3,418.64
10.0,142.0,3.0,15.6,3.0,2.0,4,9.0,0.0,4.0,2.2,479.0
1.0,225.0,4.0,15.4,11.0,2.2,16,14.0,1.0,3.0,2.04,2139.97
7.0,81.0,3.0,14.0,3.0,2.3,4,25.0,1.0,7.0,1.54,1030.99
7.0,34.0,3.0,15.6,3.0,2.0,4,25.0,1.0,5.0,1.86,397.0
7.0,82.0,3.0,15.6,3.0,2.3,8,15.0,1.0,7.0,1.88,1579.0
4.0,419.0,3.0,15.6,3.0,2.5,8,9.0,1.0,2.0,1.98,726.0
7.0,23.0,3.0,15.6,0.0,1.6,4,25.0,1.0,5.0,2.1,347.0
5.0,220.0,3.0,15.6,0.0,2.3,4,15.0,1.0,5.0,2.3,649.0
16.0,334.0,4.0,14.0,3.0,2.6,8,15.0,1.0,5.0,1.47,1725.0
10.0,367.0,4.0,14.0,3.0,2.3,4,8.0,1.0,5.0,1.7,1096.0
10.0,371.0,3.0,15.6,3.0,2.6,8,15.0,1.0,5.0,2.3,1529.0
12.0,309.0,3.0,14.0,3.0,1.44,2,22.0,1.0,5.0,1.4,239.0
10.0,347.0,5.0,15.6,3.0,2.8,8,27.0,2.0,5.0,2.67,1925.0
10.0,165.0,3.0,15.6,3.0,2.0,4,9.0,1.0,5.0,1.85,414.9
0.0,41.0,3.0,15.6,0.0,2.0,4,25.0,2.0,5.0,2.2,469.0
2.0,196.0,3.0,14.0,0.0,1.1,4,22.0,1.0,5.0,1.5,278.0
4.0,440.0,4.0,13.3,3.0,1.8,8,15.0,1.0,5.0,1.2,1449.0
11.0,117.0,1.0,15.6,3.0,2.5,8,4.0,2.0,5.0,2.2,1089.0
7.0,83.0,2.0,12.5,3.0,1.2,8,27.0,1.0,5.0,0.97,1908.0
4.0,207.0,4.0,14.0,3.0,2.8,8,15.0,1.0,2.0,1.6,1099.0
10.0,145.0,3.0,15.6,0.0,2.5,8,25.0,2.0,4.0,2.2,629.0
7.0,34.0,3.0,15.6,0.0,2.0,4,9.0,1.0,4.0,1.86,345.99
0.0,67.0,3.0,14.0,0.0,1.6,4,22.0,1.0,1.0,1.68,349.0
4.0,214.0,3.0,15.6,3.0,2.4,8,15.0,1.0,7.0,2.09,1062.95
0.0,43.0,3.0,15.6,0.0,1.1,4,9.0,1.0,5.0,2.1,348.0
4.0,180.0,3.0,15.6,3.0,1.6,8,4.0,0.0,5.0,2.33,844.0
14.0,63.0,1.0,17.3,13.0,2.9,32,11.0,2.0,5.0,3.49,6099.0
10.0,148.0,3.0,15.6,0.0,2.2,4,3.0,0.0,5.0,2.2,349.0
11.0,136.0,1.0,17.3,3.0,2.8,16,17.0,2.0,5.0,3.78,2499.0
10.0,152.0,3.0,15.6,3.0,2.3,4,25.0,1.0,5.0,2.2,535.0
7.0,80.0,4.0,12.5,3.0,2.5,8,15.0,1.0,7.0,1.26,2296.95
10.0,229.0,2.0,11.6,0.0,1.6,4,3.0,1.0,5.0,1.4,475.0
10.0,375.0,4.0,12.5,3.0,2.7,8,15.0,1.0,5.0,1.36,1584.0
4.0,192.0,3.0,17.3,3.0,1.8,16,27.0,2.0,5.0,2.77,1549.0
4.0,440.0,4.0,13.3,3.0,2.5,8,3.0,1.0,5.0,1.29,899.0
4.0,177.0,0.0,13.3,3.0,1.8,8,9.0,1.0,5.0,1.62,839.0
16.0,251.0,4.0,13.3,3.0,2.7,32,27.0,1.0,5.0,1.05,2799.0
0.0,40.0,3.0,15.6,0.0,3.0,4,15.0,0.0,5.0,2.1,451.0
7.0,21.0,3.0,15.6,3.0,2.5,8,4.0,2.0,5.0,2.2,1099.0
10.0,405.0,3.0,15.6,3.0,1.8,8,15.0,1.0,5.0,2.05,880.0
10.0,388.0,3.0,15.6,0.0,2.0,4,9.0,1.0,4.0,1.9,339.0
2.0,434.0,3.0,15.6,0.0,1.6,4,25.0,1.0,5.0,2.2,369.0
7.0,84.0,0.0,13.3,3.0,2.5,8,15.0,1.0,5.0,1.28,2277.0
7.0,279.0,3.0,13.3,3.0,1.8,16,27.0,1.0,5.0,1.49,1197.0
4.0,188.0,1.0,15.6,3.0,2.8,8,9.0,2.0,2.0,2.62,929.0
4.0,416.0,3.0,15.6,0.0,2.0,4,9.0,1.0,5.0,2.18,558.6
10.0,161.0,1.0,15.6,3.0,2.1,16,29.0,0.0,5.0,2.5,999.0
16.0,307.0,3.0,15.6,3.0,2.5,8,25.0,1.0,5.0,2.0,860.0
7.0,80.0,4.0,12.5,0.0,2.4,8,15.0,1.0,7.0,1.26,1895.0
10.0,217.0,1.0,15.6,3.0,2.8,4,9.0,2.0,5.0,2.4,999.0
4.0,201.0,2.0,11.6,0.0,1.1,4,3.0,1.0,5.0,1.63,744.0
7.0,281.0,3.0,15.6,3.0,2.5,8,15.0,2.0,5.0,2.04,889.0
10.0,358.0,0.0,13.3,3.0,2.7,8,27.0,1.0,5.0,1.37,2025.0
2.0,290.0,1.0,17.3,3.0,2.5,8,4.0,2.0,5.0,2.73,1770.0
2.0,195.0,3.0,17.3,3.0,2.5,8,20.0,2.0,5.0,2.69,891.0
11.0,109.0,1.0,15.6,3.0,2.8,16,17.0,2.0,5.0,2.4,1799.0
0.0,70.0,2.0,11.6,0.0,1.6,4,22.0,1.0,1.0,1.25,297.0
11.0,137.0,1.0,17.3,3.0,2.8,16,29.0,2.0,5.0,4.14,2499.0
2.0,435.0,3.0,15.6,3.0,2.5,4,4.0,0.0,5.0,2.2,575.0
7.0,274.0,3.0,15.6,3.0,1.6,4,25.0,1.0,5.0,2.1,722.0
16.0,326.0,3.0,14.0,0.0,2.3,4,3.0,1.0,5.0,1.75,1020.0
10.0,450.0,0.0,13.3,12.0,2.5,16,27.0,1.0,5.0,1.3,1499.0
7.0,85.0,4.0,14.0,3.0,2.7,8,15.0,1.0,5.0,1.36,1750.0
11.0,111.0,1.0,17.3,3.0,2.6,8,4.0,2.0,5.0,2.9,1511.19
4.0,440.0,4.0,13.3,12.0,1.6,8,15.0,1.0,5.0,1.23,1869.0
10.0,370.0,3.0,14.0,3.0,2.5,8,8.0,1.0,5.0,1.7,1364.0
7.0,84.0,0.0,13.3,3.0,2.5,4,15.0,1.0,5.0,1.28,1799.0
7.0,274.0,3.0,15.6,0.0,2.4,4,15.0,1.0,5.0,2.04,769.99
4.0,180.0,3.0,15.6,3.0,1.8,16,19.0,0.0,5.0,2.2,1219.24
2.0,271.0,3.0,15.6,3.0,2.5,8,15.0,1.0,5.0,2.37,1099.0
7.0,280.0,3.0,14.0,3.0,1.8,8,27.0,1.0,5.0,1.63,1084.0
4.0,416.0,3.0,15.6,0.0,2.4,4,3.0,1.0,5.0,2.18,547.0
2.0,469.0,4.0,14.0,3.0,2.7,8,27.0,1.0,5.0,1.1,1873.0
0.0,47.0,3.0,17.3,3.0,1.6,4,15.0,2.0,5.0,3.0,805.0
10.0,400.0,3.0,15.6,0.0,2.0,4,25.0,1.0,4.0,1.9,450.0
4.0,190.0,1.0,15.6,3.0,2.8,8,4.0,2.0,5.0,2.62,1159.0
4.0,440.0,4.0,13.3,12.0,2.4,8,15.0,1.0,2.0,1.23,1099.0
7.0,275.0,3.0,17.3,3.0,2.7,8,9.0,2.0,5.0,2.63,1280.0
4.0,171.0,0.0,11.6,0.0,1.0,4,3.0,1.0,5.0,1.39,603.0
10.0,402.0,3.0,17.3,3.0,2.0,4,25.0,1.0,4.0,2.8,529.0
7.0,275.0,3.0,17.3,3.0,1.6,8,15.0,1.0,5.0,2.5,928.0
2.0,409.0,3.0,15.6,0.0,2.4,4,9.0,1.0,5.0,2.0,435.0
7.0,280.0,3.0,14.0,3.0,1.6,8,9.0,1.0,5.0,1.63,812.0
0.0,321.0,3.0,14.0,3.0,2.4,8,3.0,1.0,5.0,1.5,619.0
7.0,34.0,3.0,15.6,3.0,2.5,8,15.0,1.0,4.0,1.86,575.0
7.0,2.0,3.0,15.6,0.0,1.6,8,21.0,1.0,5.0,2.04,389.0
4.0,205.0,3.0,15.6,0.0,2.5,8,3.0,1.0,5.0,1.95,810.0
11.0,135.0,1.0,15.6,3.0,2.8,16,17.0,2.0,5.0,2.94,2267.86
4.0,441.0,3.0,15.6,3.0,2.8,8,15.0,2.0,5.0,2.0,1829.0
7.0,79.0,4.0,14.0,3.0,2.5,8,15.0,1.0,5.0,1.43,1500.0
16.0,307.0,3.0,15.6,3.0,2.5,8,15.0,1.0,5.0,2.0,943.0
11.0,119.0,1.0,15.6,3.0,2.8,8,4.0,2.0,5.0,2.2,1149.0
10.0,358.0,0.0,13.3,3.0,2.7,8,15.0,1.0,5.0,1.37,1950.0
10.0,147.0,3.0,15.6,3.0,3.6,12,21.0,0.0,5.0,2.2,899.0
4.0,205.0,3.0,15.6,0.0,2.3,4,25.0,1.0,5.0,1.95,729.9
4.0,440.0,0.0,13.3,12.0,1.3,16,27.0,1.0,5.0,1.22,1899.0
16.0,307.0,3.0,15.6,0.0,2.5,8,3.0,1.0,5.0,2.0,793.0
7.0,456.0,3.0,15.6,3.0,2.5,8,25.0,0.0,5.0,1.9,1154.0
7.0,281.0,3.0,15.6,3.0,2.7,8,4.0,2.0,5.0,2.04,979.0
4.0,38.0,1.0,17.3,3.0,2.8,16,17.0,2.0,5.0,4.42,2699.0
7.0,245.0,3.0,15.6,3.0,2.8,12,4.0,2.0,5.0,2.21,1327.0
7.0,92.0,3.0,13.3,3.0,2.5,4,15.0,1.0,5.0,1.32,699.0
10.0,454.0,0.0,10.1,4.0,1.44,4,32.0,1.0,5.0,0.69,479.0
2.0,381.0,3.0,14.0,3.0,1.6,8,15.0,1.0,5.0,1.4,941.0
0.0,42.0,3.0,15.6,3.0,2.8,8,15.0,2.0,2.0,2.5,879.0
7.0,81.0,4.0,14.0,3.0,2.5,8,27.0,1.0,5.0,1.54,1468.0
7.0,459.0,5.0,15.6,3.0,2.8,8,15.0,2.0,5.0,2.6,1738.27
5.0,222.0,3.0,15.6,0.0,2.5,8,9.0,1.0,5.0,2.2,739.0
15.0,233.0,4.0,15.0,3.0,2.7,16,15.0,2.0,5.0,1.23,1849.0
10.0,151.0,3.0,15.6,3.0,2.5,8,15.0,2.0,4.0,2.2,629.0
2.0,295.0,1.0,15.6,3.0,2.8,16,4.0,2.0,5.0,2.1,1899.0
10.0,339.0,3.0,13.3,0.0,1.6,4,6.0,1.0,1.0,1.45,459.9
0.0,44.0,3.0,15.6,0.0,2.0,4,9.0,1.0,2.0,2.1,390.0
10.0,386.0,3.0,15.6,0.0,2.5,4,3.0,1.0,5.0,1.9,498.0
4.0,173.0,3.0,15.6,3.0,2.7,8,9.0,0.0,2.0,2.2,599.9
7.0,20.0,3.0,15.6,3.0,2.5,4,9.0,0.0,5.0,2.1,398.0
4.0,208.0,3.0,15.6,0.0,2.6,8,25.0,1.0,5.0,1.9,1008.52
2.0,290.0,1.0,15.6,3.0,2.8,8,4.0,2.0,5.0,2.3,1655.0
10.0,169.0,3.0,15.6,3.0,2.3,4,9.0,2.0,5.0,2.3,977.0
7.0,87.0,3.0,14.0,3.0,2.7,8,15.0,1.0,5.0,1.48,1292.0
0.0,379.0,3.0,15.6,0.0,2.5,4,25.0,1.0,5.0,2.23,619.0
11.0,114.0,1.0,17.3,3.0,2.8,16,17.0,2.0,5.0,2.8,1890.0
0.0,49.0,3.0,14.0,0.0,2.0,8,9.0,1.0,5.0,2.1,389.0
10.0,356.0,4.0,14.0,3.0,2.7,16,27.0,1.0,5.0,1.14,2450.0
4.0,178.0,3.0,15.6,3.0,2.7,16,9.0,0.0,5.0,2.3,859.01
7.0,86.0,2.0,12.5,3.0,2.7,8,27.0,1.0,5.0,1.26,1483.0
4.0,38.0,1.0,17.3,13.0,2.8,32,12.0,2.0,5.0,4.36,3659.4
0.0,59.0,0.0,13.3,3.0,2.5,8,15.0,1.0,5.0,1.6,789.01
7.0,281.0,3.0,15.6,3.0,2.5,8,9.0,1.0,5.0,2.04,806.0
0.0,56.0,3.0,15.6,0.0,2.5,4,25.0,1.0,2.0,2.4,441.8
10.0,156.0,3.0,15.6,3.0,2.7,8,9.0,2.0,4.0,2.2,709.0
7.0,81.0,4.0,14.0,3.0,2.7,4,15.0,1.0,5.0,1.48,1082.0
10.0,217.0,1.0,15.6,3.0,2.8,16,15.0,2.0,5.0,2.5,1079.0
0.0,306.0,0.0,14.0,3.0,1.3,8,15.0,1.0,5.0,1.2,1149.0
0.0,47.0,3.0,15.6,3.0,1.8,8,15.0,2.0,5.0,3.0,951.0
10.0,346.0,0.0,14.0,3.0,2.6,8,27.0,2.0,7.0,1.8,2050.38
11.0,116.0,1.0,15.6,3.0,2.6,8,4.0,2.0,5.0,2.3,1169.0
10.0,356.0,3.0,14.0,9.0,2.6,16,15.0,1.0,7.0,1.1,2620.0
4.0,211.0,4.0,14.0,3.0,2.8,8,27.0,1.0,5.0,1.36,1680.0
10.0,152.0,3.0,15.6,0.0,2.0,8,3.0,1.0,5.0,2.2,589.0
0.0,59.0,0.0,13.3,3.0,2.3,8,15.0,1.0,5.0,1.6,689.0
0.0,52.0,3.0,17.3,2.0,2.0,8,9.0,2.0,5.0,3.3,629.0
16.0,260.0,4.0,13.3,3.0,2.3,8,15.0,1.0,5.0,1.2,1590.0
2.0,96.0,1.0,15.6,3.0,2.6,8,9.0,2.0,5.0,2.2,1169.0
2.0,432.0,3.0,15.6,3.0,2.4,8,9.0,2.0,2.0,2.3,597.0
7.0,314.0,0.0,13.3,9.0,2.6,8,27.0,1.0,5.0,1.48,2041.0
10.0,156.0,3.0,15.6,3.0,2.7,6,15.0,2.0,5.0,2.2,789.0
16.0,252.0,3.0,13.3,3.0,2.5,8,15.0,1.0,5.0,1.05,1475.0
2.0,305.0,1.0,17.3,3.0,3.2,8,17.0,0.0,5.0,3.2,1695.0
0.0,267.0,1.0,17.3,3.0,2.8,16,17.0,2.0,5.0,4.2,2299.0
7.0,280.0,3.0,14.0,0.0,1.6,4,25.0,1.0,5.0,1.63,722.0
0.0,321.0,4.0,14.0,3.0,1.6,8,15.0,1.0,5.0,1.6,770.0
12.0,308.0,3.0,13.3,3.0,1.44,4,22.0,1.0,5.0,1.35,255.0
16.0,330.0,3.0,15.6,3.0,2.7,8,15.0,1.0,5.0,2.0,1388.0
0.0,40.0,3.0,15.6,0.0,2.0,4,9.0,1.0,2.0,2.1,272.0
4.0,191.0,0.0,15.6,3.0,2.7,12,27.0,1.0,5.0,2.19,1299.0
4.0,174.0,3.0,15.6,3.0,1.8,8,15.0,0.0,5.0,2.13,767.8
7.0,18.0,3.0,15.6,3.0,2.5,6,3.0,0.0,5.0,1.91,568.9
7.0,34.0,3.0,15.6,3.0,2.5,8,15.0,1.0,5.0,1.96,598.99
14.0,63.0,1.0,14.0,3.0,2.8,16,11.0,2.0,5.0,1.95,3499.0
10.0,345.0,3.0,15.6,3.0,2.5,8,15.0,1.0,5.0,2.3,911.0
0.0,316.0,3.0,15.6,3.0,2.4,6,9.0,1.0,5.0,2.1,479.0
7.0,274.0,3.0,15.6,3.0,2.7,8,9.0,2.0,5.0,2.04,900.0
2.0,270.0,3.0,15.6,0.0,2.4,4,9.0,1.0,5.0,2.37,398.99
2.0,294.0,1.0,17.3,3.0,2.6,16,4.0,2.0,5.0,4.0,1900.0
4.0,416.0,3.0,15.6,0.0,2.5,8,3.0,1.0,5.0,2.18,713.99
7.0,82.0,4.0,15.6,3.0,2.5,8,15.0,0.0,5.0,1.84,1296.99
10.0,406.0,3.0,15.6,3.0,2.5,8,15.0,1.0,4.0,2.3,573.0
2.0,78.0,3.0,14.0,0.0,1.5,2,22.0,0.0,5.0,1.65,199.0
4.0,203.0,3.0,14.0,0.0,2.3,4,25.0,1.0,5.0,1.76,755.0
7.0,318.0,2.0,11.6,0.0,1.6,2,22.0,1.0,5.0,1.17,209.0
2.0,197.0,3.0,15.6,0.0,1.1,4,3.0,1.0,5.0,1.86,419.0
4.0,38.0,1.0,17.3,3.0,2.8,32,29.0,2.0,5.0,4.42,3072.89
2.0,298.0,1.0,15.6,3.0,2.8,16,17.0,2.0,5.0,2.5,1799.0
4.0,183.0,0.0,15.6,3.0,1.6,8,15.0,1.0,5.0,2.67,799.0
2.0,437.0,3.0,17.3,3.0,2.0,4,9.0,2.0,5.0,2.0,564.0
11.0,128.0,1.0,14.0,3.0,2.8,16,17.0,2.0,5.0,1.6,1891.0
10.0,154.0,3.0,17.3,2.0,1.6,8,15.0,2.0,4.0,2.8,698.0
9.0,140.0,4.0,15.6,3.0,1.8,8,27.0,1.0,5.0,1.09,2299.0
7.0,455.0,5.0,15.6,3.0,2.6,8,15.0,2.0,7.0,2.59,2229.0
4.0,216.0,4.0,14.0,9.0,2.6,8,15.0,1.0,5.0,1.5,1962.98
2.0,77.0,3.0,14.0,0.0,1.5,4,34.0,0.0,6.0,1.65,277.99
10.0,450.0,0.0,13.3,12.0,2.5,16,27.0,1.0,5.0,1.3,1499.0
2.0,293.0,1.0,17.3,3.0,2.6,24,17.0,2.0,5.0,4.33,1269.0
0.0,40.0,3.0,15.6,0.0,3.0,4,25.0,0.0,5.0,2.1,400.0
11.0,125.0,1.0,17.3,3.0,2.8,8,4.0,2.0,5.0,2.7,1409.0
10.0,342.0,3.0,15.6,3.0,2.5,8,9.0,1.0,5.0,2.3,850.66
10.0,353.0,3.0,14.0,3.0,2.6,8,15.0,1.0,5.0,1.32,1650.0
4.0,440.0,0.0,13.3,3.0,1.3,16,15.0,1.0,5.0,1.22,1649.0
2.0,429.0,3.0,15.6,0.0,1.1,4,25.0,1.0,5.0,2.0,304.0
0.0,41.0,3.0,15.6,0.0,1.6,12,9.0,2.0,5.0,2.2,693.99
7.0,276.0,3.0,14.0,0.0,2.5,4,25.0,1.0,5.0,1.95,1060.0
4.0,416.0,3.0,15.6,3.0,2.5,8,15.0,0.0,5.0,2.18,789.81
4.0,416.0,3.0,15.6,0.0,2.0,4,9.0,0.0,2.0,2.18,465.0
10.0,217.0,1.0,15.6,3.0,2.5,8,4.0,2.0,4.0,2.4,809.0
7.0,241.0,3.0,15.6,3.0,2.9,6,1.0,0.0,5.0,2.04,549.99
4.0,203.0,3.0,14.0,0.0,2.0,4,25.0,1.0,5.0,1.76,585.0
0.0,39.0,3.0,14.0,3.0,1.1,4,22.0,1.0,5.0,1.6,329.0
7.0,91.0,4.0,13.3,12.0,2.7,8,15.0,1.0,5.0,1.39,1149.0
2.0,428.0,3.0,15.6,0.0,1.1,8,9.0,1.0,5.0,2.0,399.0
10.0,356.0,4.0,14.0,9.0,2.5,8,27.0,1.0,5.0,1.17,1686.64
4.0,207.0,3.0,14.0,3.0,2.8,8,15.0,2.0,2.0,1.64,1089.0
4.0,416.0,3.0,15.6,0.0,2.0,8,15.0,1.0,5.0,2.0,665.0
1.0,223.0,4.0,12.0,7.0,1.3,8,27.0,1.0,8.0,0.92,1510.0
0.0,41.0,3.0,17.3,3.0,2.7,4,9.0,2.0,5.0,3.0,655.0
10.0,350.0,4.0,14.0,3.0,2.6,12,27.0,1.0,7.0,1.4,2299.0
1.0,226.0,4.0,13.3,1.0,1.8,8,2.0,1.0,8.0,1.34,898.94
0.0,44.0,3.0,15.6,0.0,2.0,4,3.0,1.0,5.0,2.1,449.0
7.0,27.0,3.0,17.3,2.0,2.0,8,9.0,1.0,5.0,2.65,544.15
4.0,188.0,1.0,15.6,3.0,2.8,16,4.0,2.0,5.0,2.6,1349.0
10.0,163.0,1.0,17.3,3.0,2.7,16,16.0,2.0,5.0,4.6,2749.99
0.0,40.0,3.0,15.6,0.0,2.0,4,3.0,1.0,2.0,2.1,412.0
0.0,323.0,3.0,14.0,0.0,1.6,4,2.0,1.0,5.0,1.6,349.0
7.0,315.0,0.0,13.3,3.0,1.6,8,15.0,1.0,5.0,1.26,1398.99
0.0,67.0,3.0,14.0,0.0,1.6,2,22.0,1.0,1.0,1.68,330.0
4.0,173.0,3.0,15.6,3.0,2.5,4,15.0,0.0,2.0,2.3,598.9
4.0,216.0,3.0,14.0,3.0,2.4,8,15.0,1.0,5.0,1.56,1229.0
2.0,74.0,0.0,12.5,3.0,0.9,4,32.0,1.0,1.0,1.2,669.0
10.0,356.0,4.0,14.0,3.0,2.7,8,14.0,1.0,5.0,1.13,2049.0
10.0,363.0,3.0,15.6,13.0,2.7,16,27.0,2.0,7.0,2.5,2370.0
4.0,179.0,0.0,15.6,3.0,2.3,4,9.0,1.0,5.0,2.08,795.99
4.0,185.0,3.0,17.3,3.0,1.6,8,4.0,0.0,5.0,2.8,1085.0
4.0,214.0,3.0,15.6,3.0,2.4,8,25.0,1.0,5.0,2.09,1046.44
11.0,200.0,1.0,17.3,3.0,2.7,16,4.0,2.0,5.0,4.14,2199.0
2.0,434.0,3.0,15.6,0.0,1.6,4,25.0,1.0,5.0,2.2,369.0
4.0,174.0,3.0,15.6,3.0,1.6,8,9.0,0.0,5.0,2.2,675.0
11.0,133.0,1.0,17.3,13.0,2.6,16,30.0,2.0,5.0,2.43,2649.0
12.0,311.0,3.0,14.0,3.0,1.1,4,24.0,1.0,5.0,1.45,389.0
1.0,225.0,4.0,13.3,10.0,3.1,8,27.0,1.0,8.0,1.37,2040.0
10.0,341.0,4.0,14.0,3.0,1.8,8,15.0,0.0,5.0,1.75,1215.38
10.0,376.0,0.0,13.3,3.0,2.7,8,15.0,1.0,5.0,1.37,1757.42
10.0,345.0,3.0,15.6,0.0,2.5,4,25.0,1.0,5.0,2.38,1055.0
4.0,208.0,3.0,15.6,3.0,2.8,8,15.0,2.0,5.0,1.93,1369.0
10.0,444.0,0.0,15.6,3.0,2.3,4,15.0,1.0,5.0,2.1,867.0
10.0,217.0,1.0,15.6,3.0,2.8,16,19.0,2.0,5.0,2.4,1129.0
4.0,210.0,4.0,12.5,3.0,2.8,8,15.0,1.0,5.0,1.6,1690.0
10.0,150.0,3.0,15.6,3.0,2.5,8,4.0,2.0,5.0,2.3,819.0
2.0,463.0,4.0,13.3,3.0,0.9,8,27.0,1.0,5.0,1.2,729.0
7.0,34.0,3.0,15.6,0.0,2.5,4,9.0,1.0,5.0,1.86,488.69
7.0,34.0,3.0,15.6,3.0,2.0,4,9.0,1.0,5.0,1.86,469.0
11.0,138.0,1.0,17.3,3.0,2.9,16,29.0,2.0,5.0,4.14,2729.0
10.0,368.0,3.0,14.0,3.0,2.3,8,15.0,1.0,5.0,1.8,1191.0
13.0,320.0,4.0,13.5,6.0,2.8,8,15.0,1.0,6.0,1.25,1867.85
1.0,223.0,4.0,12.0,7.0,1.2,8,26.0,1.0,3.0,0.92,1165.0
10.0,396.0,3.0,15.6,0.0,2.5,4,9.0,1.0,4.0,1.9,489.9
4.0,182.0,0.0,15.0,3.0,2.4,4,25.0,1.0,5.0,2.08,509.0
7.0,81.0,4.0,14.0,9.0,2.5,8,15.0,1.0,7.0,1.54,2198.19
10.0,352.0,4.0,14.0,3.0,2.8,8,15.0,2.0,5.0,1.96,1903.0
2.0,285.0,0.0,13.3,3.0,2.5,6,9.0,1.0,5.0,1.5,639.01
7.0,314.0,3.0,13.3,3.0,2.3,8,15.0,1.0,5.0,1.16,1690.0
0.0,53.0,3.0,15.6,0.0,2.2,4,25.0,0.0,5.0,2.4,387.0
7.0,89.0,4.0,12.5,13.0,1.2,8,13.0,1.0,5.0,1.09,3100.0
16.0,261.0,4.0,13.3,0.0,2.3,8,15.0,1.0,5.0,1.2,1095.0
10.0,141.0,3.0,14.0,0.0,1.6,2,32.0,1.0,5.0,1.5,229.0
10.0,61.0,3.0,15.6,3.0,2.5,4,1.0,1.0,7.0,2.32,825.0
4.0,416.0,3.0,15.6,0.0,2.5,4,9.0,0.0,5.0,2.18,684.99
10.0,443.0,0.0,14.0,3.0,2.5,4,3.0,1.0,5.0,1.8,638.0
16.0,255.0,3.0,13.3,3.0,2.3,8,15.0,1.0,5.0,1.2,1213.0
4.0,440.0,0.0,13.3,3.0,1.2,8,15.0,1.0,5.0,1.24,1899.0
7.0,34.0,3.0,15.6,0.0,2.0,4,25.0,0.0,5.0,1.86,438.69
7.0,30.0,3.0,17.3,3.0,2.0,4,15.0,0.0,5.0,2.5,699.0
10.0,150.0,3.0,15.6,3.0,2.7,8,9.0,2.0,5.0,2.2,899.0
10.0,162.0,1.0,15.6,3.0,2.6,16,4.0,2.0,5.0,2.6,1029.0
7.0,19.0,3.0,15.6,3.0,2.7,6,9.0,0.0,5.0,2.1,529.0
4.0,416.0,3.0,15.6,0.0,2.5,4,9.0,1.0,2.0,2.18,521.86
7.0,93.0,4.0,13.3,3.0,2.7,8,15.0,2.0,5.0,1.38,1119.0
4.0,419.0,3.0,15.6,3.0,2.7,8,15.0,2.0,5.0,2.18,1009.9
2.0,408.0,0.0,11.6,0.0,1.1,2,22.0,1.0,5.0,1.1,275.0
2.0,434.0,3.0,15.6,0.0,1.6,4,25.0,1.0,5.0,2.2,369.0
7.0,79.0,3.0,14.0,3.0,2.3,8,15.0,1.0,7.0,1.43,1469.0
14.0,63.0,1.0,14.0,3.0,2.8,16,15.0,2.0,5.0,1.95,2599.0
10.0,358.0,0.0,13.3,3.0,2.5,8,27.0,1.0,5.0,1.37,1825.0
7.0,15.0,3.0,15.6,0.0,1.6,4,9.0,1.0,5.0,2.04,521.47
4.0,173.0,3.0,15.6,0.0,2.7,8,9.0,0.0,2.0,2.3,805.99
7.0,14.0,3.0,15.6,0.0,2.7,8,21.0,1.0,5.0,2.04,629.0
10.0,151.0,3.0,15.6,0.0,2.5,8,15.0,1.0,5.0,2.2,597.0
7.0,34.0,3.0,15.6,0.0,1.6,4,3.0,1.0,4.0,1.86,299.0
7.0,238.0,1.0,17.3,3.0,2.3,8,4.0,2.0,5.0,2.75,1399.0
2.0,269.0,3.0,15.6,0.0,2.7,4,15.0,1.0,5.0,2.37,849.9
16.0,259.0,4.0,13.3,3.0,2.5,16,27.0,1.0,5.0,1.36,1877.0
4.0,188.0,1.0,15.6,3.0,2.8,8,1.0,2.0,5.0,2.62,899.0
16.0,332.0,3.0,14.0,3.0,2.5,8,15.0,1.0,5.0,1.25,1535.0
0.0,377.0,2.0,11.6,0.0,1.6,4,22.0,1.0,5.0,1.4,269.0
2.0,438.0,3.0,17.3,0.0,1.1,4,9.0,2.0,5.0,2.8,470.34
10.0,360.0,3.0,14.0,3.0,2.5,8,15.0,2.0,5.0,1.87,857.07
10.0,217.0,1.0,15.6,3.0,2.5,8,15.0,2.0,4.0,2.4,779.0
4.0,441.0,3.0,15.6,13.0,2.3,8,15.0,2.0,5.0,2.04,2250.68
4.0,188.0,1.0,15.6,3.0,2.5,8,15.0,2.0,5.0,2.62,985.0
7.0,273.0,3.0,14.0,3.0,2.7,8,15.0,2.0,5.0,1.64,1185.43
10.0,362.0,3.0,15.6,3.0,2.3,8,15.0,1.0,5.0,2.3,1049.6
7.0,88.0,3.0,15.6,3.0,2.7,8,15.0,1.0,5.0,1.84,1304.0
7.0,80.0,4.0,12.5,3.0,2.5,4,25.0,1.0,5.0,1.26,1539.0
4.0,209.0,4.0,15.6,3.0,1.9,8,18.0,1.0,5.0,1.88,1298.0
7.0,4.0,3.0,15.6,0.0,2.5,8,15.0,0.0,5.0,1.91,618.99
10.0,145.0,3.0,15.6,0.0,2.0,8,9.0,1.0,5.0,2.2,459.0
4.0,174.0,3.0,15.6,3.0,1.6,8,9.0,0.0,2.0,2.2,647.0
10.0,356.0,0.0,14.0,9.0,2.7,16,27.0,1.0,5.0,1.42,2509.0
16.0,307.0,3.0,15.6,3.0,2.5,8,15.0,2.0,5.0,2.2,1043.0
4.0,189.0,3.0,15.6,3.0,1.6,8,15.0,2.0,5.0,2.0,1142.75
4.0,178.0,3.0,15.6,3.0,2.5,8,9.0,0.0,5.0,2.36,638.8
7.0,34.0,3.0,15.6,0.0,2.0,4,25.0,1.0,5.0,1.86,439.0
0.0,40.0,3.0,15.6,0.0,1.1,4,9.0,1.0,5.0,2.1,363.51
1.0,225.0,4.0,13.3,10.0,2.3,8,3.0,1.0,8.0,1.37,1339.69
10.0,451.0,4.0,12.5,9.0,1.2,8,27.0,1.0,5.0,0.99,1399.0
4.0,419.0,3.0,15.6,3.0,2.7,8,9.0,2.0,5.0,1.98,961.0
10.0,348.0,3.0,17.3,13.0,2.7,16,27.0,2.0,7.0,2.4,2968.0
0.0,48.0,3.0,15.6,3.0,2.8,8,15.0,2.0,2.0,2.5,979.0
10.0,75.0,2.0,11.6,0.0,1.6,4,7.0,1.0,1.0,1.25,265.0
7.0,237.0,1.0,17.3,3.0,2.8,16,17.0,2.0,5.0,3.78,1498.0
10.0,150.0,3.0,15.6,3.0,2.7,8,9.0,2.0,4.0,2.2,659.01
17.0,193.0,3.0,14.0,3.0,1.1,4,22.0,1.0,5.0,1.22,202.9
10.0,218.0,1.0,15.6,3.0,2.8,8,17.0,2.0,5.0,3.2,1399.0
7.0,34.0,3.0,15.6,0.0,2.0,4,25.0,1.0,4.0,1.86,364.9
10.0,162.0,3.0,15.6,3.0,2.6,8,9.0,2.0,5.0,2.6,899.0
7.0,82.0,4.0,15.6,3.0,2.7,8,27.0,1.0,5.0,1.84,1389.0
7.0,82.0,4.0,15.6,3.0,2.5,8,15.0,1.0,7.0,1.88,2171.72
4.0,173.0,3.0,15.6,0.0,2.5,8,9.0,1.0,5.0,2.14,539.95
10.0,357.0,4.0,12.5,3.0,2.5,8,15.0,1.0,5.0,1.36,1429.0
2.0,305.0,1.0,15.6,3.0,2.8,16,17.0,2.0,5.0,2.2,2449.0
11.0,121.0,1.0,15.6,3.0,2.8,16,17.0,2.0,5.0,2.4,1294.0
0.0,317.0,0.0,13.3,3.0,1.6,8,15.0,1.0,5.0,1.6,999.0
4.0,38.0,1.0,17.3,3.0,2.8,32,12.0,2.0,5.0,4.42,3588.8
4.0,173.0,3.0,15.6,3.0,2.5,4,25.0,0.0,5.0,2.3,585.0
4.0,440.0,4.0,13.3,12.0,2.5,16,27.0,1.0,5.0,1.29,2240.0
4.0,185.0,3.0,17.3,3.0,1.8,8,4.0,0.0,5.0,2.8,1142.0
7.0,82.0,3.0,15.6,3.0,2.4,8,20.0,1.0,5.0,1.84,2103.34
2.0,383.0,3.0,14.0,3.0,2.7,8,17.0,1.0,5.0,2.0,1334.0
4.0,206.0,0.0,12.5,3.0,2.5,8,15.0,1.0,5.0,1.34,1670.0
16.0,307.0,3.0,15.6,0.0,2.5,8,25.0,2.0,5.0,2.2,812.0
0.0,68.0,3.0,15.6,0.0,1.5,4,7.0,1.0,1.0,2.2,209.0
4.0,38.0,1.0,17.3,13.0,2.8,16,29.0,2.0,5.0,4.36,3154.0
4.0,173.0,3.0,15.6,3.0,2.7,8,15.0,0.0,2.0,2.2,749.01
4.0,183.0,0.0,15.6,3.0,1.8,8,9.0,1.0,5.0,2.08,819.0
10.0,356.0,0.0,14.0,9.0,2.6,16,27.0,1.0,5.0,2.8,2440.0
4.0,441.0,3.0,15.6,3.0,2.8,8,15.0,2.0,5.0,2.0,1820.0
10.0,339.0,3.0,13.3,3.0,2.5,8,15.0,1.0,5.0,1.44,960.0
7.0,457.0,5.0,17.3,3.0,2.8,8,25.0,2.0,5.0,3.14,1907.99
6.0,248.0,4.0,12.3,8.0,1.2,8,15.0,1.0,1.0,1.1,1559.0
7.0,81.0,4.0,14.0,3.0,2.7,8,27.0,1.0,5.0,1.48,2089.0
11.0,219.0,1.0,17.3,3.0,2.8,8,15.0,2.0,5.0,2.7,1349.0
10.0,367.0,3.0,14.0,3.0,2.3,8,15.0,1.0,5.0,1.7,1186.0
4.0,416.0,3.0,15.6,3.0,2.5,4,9.0,1.0,5.0,2.18,657.0
1.0,226.0,4.0,13.3,1.0,1.8,8,14.0,1.0,8.0,1.34,1158.7
0.0,45.0,3.0,15.6,3.0,1.8,8,15.0,2.0,5.0,2.2,841.0
2.0,409.0,3.0,15.6,3.0,2.5,4,15.0,1.0,2.0,2.0,559.0
4.0,185.0,3.0,17.3,3.0,1.6,8,4.0,0.0,5.0,2.8,979.0
10.0,376.0,0.0,14.0,9.0,2.7,16,11.0,1.0,5.0,1.42,2824.0
2.0,407.0,3.0,14.0,3.0,1.1,4,22.0,1.0,5.0,1.5,298.0
7.0,34.0,3.0,15.6,3.0,2.5,8,9.0,1.0,5.0,1.86,639.0
16.0,253.0,3.0,13.3,3.0,2.5,4,3.0,1.0,5.0,1.05,1285.0
2.0,302.0,1.0,17.3,3.0,2.8,16,17.0,2.0,5.0,2.9,2122.0
10.0,355.0,3.0,15.6,3.0,2.5,8,15.0,1.0,5.0,1.95,1390.0
10.0,374.0,4.0,12.5,0.0,2.3,8,8.0,1.0,5.0,1.3,1099.0
10.0,366.0,3.0,17.3,3.0,2.8,8,15.0,2.0,5.0,3.4,2999.0
4.0,190.0,1.0,15.6,3.0,2.8,16,4.0,2.0,5.0,2.65,1349.0
4.0,419.0,3.0,15.6,3.0,2.7,8,15.0,2.0,2.0,1.98,895.01
0.0,67.0,3.0,14.0,0.0,1.6,4,22.0,1.0,1.0,1.45,375.0
10.0,141.0,3.0,14.0,0.0,1.6,2,32.0,1.0,5.0,1.5,229.0
7.0,456.0,3.0,15.6,3.0,2.7,8,9.0,0.0,5.0,1.9,1269.0
2.0,465.0,4.0,14.0,3.0,1.8,8,15.0,1.0,5.0,1.25,1099.0
2.0,97.0,1.0,15.6,3.0,2.8,16,4.0,2.0,5.0,2.2,1449.0
2.0,466.0,4.0,14.0,3.0,1.8,16,27.0,2.0,5.0,1.3,1495.0
7.0,34.0,3.0,15.6,0.0,2.5,4,25.0,1.0,4.0,1.86,393.9
4.0,173.0,3.0,15.6,0.0,2.7,8,9.0,0.0,2.0,2.3,805.99
7.0,246.0,0.0,14.0,3.0,2.4,4,3.0,2.0,5.0,1.63,699.0
7.0,81.0,3.0,14.0,3.0,2.3,4,15.0,1.0,7.0,1.54,1099.99
4.0,415.0,3.0,15.6,0.0,2.3,4,25.0,0.0,7.0,2.24,769.15
10.0,454.0,0.0,10.1,4.0,1.44,4,32.0,1.0,0.0,0.69,549.0
7.0,80.0,4.0,12.5,3.0,2.5,8,15.0,1.0,5.0,1.26,1349.0
4.0,38.0,1.0,17.3,9.0,2.9,16,17.0,2.0,5.0,4.42,2799.0
10.0,152.0,3.0,15.6,0.0,2.0,8,15.0,2.0,4.0,2.2,499.0
7.0,33.0,3.0,15.6,0.0,1.6,4,9.0,1.0,5.0,1.96,500.0
7.0,458.0,5.0,15.6,3.0,2.7,8,35.0,2.0,5.0,2.0,2249.0
8.0,227.0,4.0,13.0,5.0,2.5,8,15.0,1.0,5.0,1.05,1349.0
10.0,218.0,1.0,15.6,3.0,2.8,16,29.0,2.0,5.0,3.2,1749.0
7.0,280.0,3.0,14.0,0.0,2.4,4,25.0,1.0,5.0,1.64,684.0
7.0,274.0,3.0,15.6,3.0,1.6,8,9.0,1.0,5.0,2.1,794.0
0.0,321.0,3.0,14.0,3.0,2.4,4,3.0,1.0,5.0,1.8,636.0
16.0,337.0,3.0,15.6,3.0,2.5,8,15.0,1.0,5.0,2.2,1399.0
15.0,69.0,2.0,11.6,0.0,1.6,4,6.0,1.0,1.0,1.15,269.0
16.0,307.0,3.0,15.6,0.0,2.2,4,25.0,1.0,5.0,2.1,447.0
4.0,207.0,3.0,14.0,3.0,2.5,8,3.0,1.0,5.0,1.6,1119.0
10.0,389.0,3.0,15.6,0.0,2.0,4,9.0,0.0,4.0,1.9,368.0
4.0,174.0,3.0,15.6,3.0,1.6,8,15.0,0.0,2.0,2.2,677.35
10.0,354.0,3.0,15.6,3.0,2.3,8,15.0,1.0,5.0,2.3,1349.0
10.0,158.0,3.0,14.0,3.0,2.7,8,15.0,1.0,4.0,1.7,599.0
10.0,217.0,1.0,15.6,3.0,2.8,8,4.0,2.0,5.0,2.5,1189.0
4.0,416.0,3.0,15.6,0.0,2.0,4,9.0,1.0,2.0,2.18,443.9
4.0,190.0,1.0,15.6,3.0,2.5,8,9.0,2.0,5.0,2.65,999.0
16.0,333.0,3.0,14.0,3.0,2.3,4,3.0,1.0,5.0,1.47,1105.0
10.0,105.0,0.0,14.0,3.0,2.5,8,15.0,1.0,5.0,1.7,999.0
10.0,353.0,4.0,14.0,9.0,2.7,24,27.0,1.0,5.0,1.32,2382.0
1.0,225.0,4.0,15.4,11.0,2.8,16,15.0,0.0,8.0,1.83,2439.97
11.0,124.0,1.0,17.3,3.0,2.8,16,17.0,2.0,5.0,2.7,1492.8
4.0,264.0,5.0,15.6,13.0,3.0,16,17.0,2.0,5.0,2.8,3055.0
4.0,172.0,3.0,15.6,0.0,1.6,2,25.0,1.0,5.0,2.2,379.0
10.0,393.0,3.0,15.6,0.0,2.3,4,25.0,1.0,5.0,2.1,540.0
2.0,289.0,1.0,17.3,3.0,2.8,16,17.0,2.0,5.0,2.9,1407.0
4.0,37.0,1.0,15.6,3.0,2.8,16,17.0,2.0,5.0,3.21,2774.63
10.0,403.0,3.0,15.6,3.0,1.6,4,15.0,1.0,5.0,1.8,829.0
4.0,173.0,3.0,15.6,3.0,2.0,4,15.0,0.0,2.0,2.2,485.0
4.0,440.0,4.0,13.3,12.0,2.5,8,15.0,1.0,5.0,1.3,1268.0
11.0,126.0,1.0,17.3,3.0,2.8,8,4.0,2.0,5.0,2.7,1486.77
7.0,280.0,3.0,14.0,3.0,1.8,8,15.0,1.0,5.0,1.63,988.0
4.0,176.0,4.0,13.3,3.0,1.8,8,15.0,0.0,5.0,1.4,955.0
7.0,277.0,3.0,15.6,0.0,2.3,4,25.0,1.0,5.0,2.31,705.15
4.0,262.0,5.0,15.6,3.0,3.0,8,33.0,2.0,5.0,2.23,1993.0
10.0,443.0,0.0,14.0,3.0,2.5,4,3.0,1.0,5.0,1.8,638.0
4.0,441.0,3.0,15.6,3.0,2.8,16,27.0,2.0,5.0,2.06,1899.0
10.0,452.0,0.0,13.9,3.0,2.7,8,15.0,1.0,5.0,1.38,1079.0
0.0,46.0,3.0,15.6,3.0,1.6,4,9.0,2.0,5.0,2.2,613.0
2.0,305.0,1.0,17.3,3.0,3.0,8,17.0,0.0,5.0,3.2,1299.0
4.0,173.0,3.0,15.6,3.0,2.0,4,15.0,0.0,5.0,2.2,498.9
10.0,344.0,3.0,14.0,3.0,2.5,8,15.0,1.0,5.0,1.9,938.0
7.0,274.0,3.0,15.6,3.0,2.4,8,9.0,2.0,5.0,2.1,716.0
7.0,272.0,3.0,13.3,3.0,2.4,4,3.0,1.0,5.0,1.49,719.0
7.0,82.0,3.0,15.6,3.0,2.5,8,15.0,1.0,5.0,1.84,1228.99
10.0,149.0,3.0,15.6,3.0,1.1,4,3.0,1.0,5.0,2.2,349.0
10.0,452.0,0.0,13.9,3.0,2.7,8,15.0,1.0,5.0,1.38,1349.0
4.0,178.0,3.0,15.6,3.0,2.7,16,21.0,0.0,5.0,2.32,989.99
1.0,223.0,4.0,12.0,7.0,1.1,8,14.0,1.0,3.0,0.92,1163.0
1.0,225.0,4.0,13.3,10.0,3.1,8,15.0,1.0,8.0,1.37,1803.6
7.0,66.0,3.0,13.3,12.0,1.5,4,22.0,1.0,1.0,1.29,615.0
10.0,361.0,3.0,15.6,3.0,2.5,8,15.0,1.0,5.0,2.3,830.0
10.0,343.0,3.0,15.6,3.0,1.6,8,17.0,0.0,5.0,2.1,1144.5
11.0,110.0,1.0,15.6,3.0,2.8,16,17.0,2.0,5.0,2.8,2099.0
4.0,184.0,3.0,17.3,3.0,2.7,8,9.0,0.0,2.0,2.83,865.0
10.0,168.0,3.0,13.3,3.0,2.4,4,3.0,1.0,5.0,1.5,549.0
10.0,453.0,0.0,13.9,13.0,1.8,16,27.0,1.0,5.0,1.4,2099.0
10.0,230.0,3.0,14.0,0.0,1.6,4,6.0,1.0,1.0,1.5,325.0
4.0,190.0,1.0,15.6,3.0,2.8,16,17.0,2.0,5.0,2.65,1499.0
2.0,290.0,1.0,15.6,3.0,2.5,8,4.0,2.0,5.0,2.3,1649.0
10.0,152.0,3.0,15.6,3.0,2.0,4,3.0,1.0,5.0,2.2,499.0
16.0,336.0,3.0,15.6,3.0,2.6,16,15.0,2.0,5.0,2.4,1975.0
4.0,170.0,0.0,11.6,0.0,1.6,4,25.0,1.0,5.0,1.47,479.0
16.0,325.0,3.0,14.0,3.0,2.3,8,15.0,1.0,5.0,1.95,1180.0
4.0,178.0,3.0,15.6,3.0,2.7,16,15.0,0.0,5.0,2.3,1181.27
10.0,343.0,3.0,15.6,3.0,1.8,8,15.0,0.0,5.0,2.1,1229.56
7.0,247.0,0.0,15.6,0.0,2.5,4,25.0,1.0,5.0,2.3,684.8
10.0,358.0,0.0,14.0,3.0,2.5,8,15.0,1.0,5.0,1.8,1669.0
10.0,398.0,3.0,15.6,3.0,2.7,4,9.0,1.0,5.0,1.85,779.0
2.0,468.0,4.0,15.6,3.0,2.7,16,27.0,2.0,5.0,1.63,1468.0
17.0,194.0,3.0,14.0,3.0,1.1,4,22.0,1.0,5.0,1.3,260.0
7.0,86.0,4.0,12.5,3.0,2.7,8,15.0,1.0,5.0,1.26,1335.0
4.0,38.0,1.0,17.3,3.0,2.6,32,17.0,2.0,5.0,4.42,2800.0
10.0,353.0,4.0,14.0,3.0,2.7,16,27.0,1.0,5.0,1.7,2299.0
0.0,267.0,1.0,17.3,3.0,2.8,16,17.0,2.0,5.0,4.2,2599.0
10.0,372.0,5.0,15.6,13.0,2.8,16,27.0,2.0,5.0,2.3,2445.0
7.0,9.0,3.0,15.6,3.0,2.7,4,25.0,0.0,5.0,2.1,689.0
0.0,40.0,3.0,15.6,0.0,3.0,4,9.0,0.0,5.0,2.1,395.0
2.0,408.0,0.0,11.6,0.0,1.1,4,22.0,1.0,5.0,1.5,375.0
10.0,151.0,3.0,15.6,3.0,2.5,8,15.0,1.0,4.0,2.2,549.0
0.0,51.0,3.0,15.6,3.0,2.0,4,9.0,2.0,5.0,2.23,544.0
4.0,187.0,1.0,15.6,3.0,2.6,16,9.0,2.0,5.0,2.59,879.01
10.0,449.0,0.0,13.3,3.0,1.8,8,27.0,1.0,5.0,1.19,1499.0
4.0,441.0,3.0,15.6,13.0,2.8,32,11.0,2.0,5.0,2.06,2639.0
7.0,282.0,3.0,17.3,3.0,1.8,16,27.0,2.0,5.0,2.5,1271.0
11.0,118.0,1.0,15.6,3.0,2.5,8,15.0,2.0,5.0,2.4,1199.0
0.0,40.0,3.0,15.6,0.0,3.0,4,3.0,0.0,5.0,2.1,426.0
10.0,353.0,4.0,14.0,3.0,2.5,8,15.0,1.0,5.0,1.32,1799.0
10.0,349.0,4.0,14.0,3.0,2.6,8,15.0,1.0,7.0,1.7,1499.0
10.0,152.0,3.0,15.6,3.0,2.0,4,15.0,1.0,4.0,2.2,444.0
0.0,42.0,3.0,15.6,3.0,2.8,8,9.0,2.0,2.0,2.4,779.0
15.0,233.0,4.0,13.3,3.0,2.7,8,15.0,1.0,5.0,1.31,1599.0
16.0,307.0,3.0,15.6,0.0,2.4,4,25.0,1.0,5.0,2.0,489.0
4.0,180.0,3.0,15.6,3.0,1.6,8,15.0,0.0,5.0,2.2,797.41
2.0,305.0,1.0,17.3,3.0,2.8,16,17.0,2.0,5.0,2.73,2049.9
4.0,172.0,3.0,15.6,0.0,1.6,4,25.0,1.0,5.0,1.8,309.0
0.0,65.0,2.0,11.6,0.0,1.5,2,24.0,1.0,1.0,1.3,174.0
2.0,470.0,4.0,13.3,3.0,2.7,16,27.0,1.0,5.0,1.1,1748.9
4.0,176.0,4.0,13.3,3.0,1.6,4,15.0,0.0,5.0,1.4,818.35
10.0,149.0,3.0,15.6,0.0,1.1,4,9.0,1.0,4.0,2.2,359.99
4.0,416.0,3.0,15.6,3.0,2.5,4,3.0,0.0,2.0,2.18,569.0
7.0,272.0,3.0,13.3,3.0,1.6,4,3.0,1.0,5.0,1.49,726.0
7.0,3.0,3.0,15.6,0.0,1.8,4,25.0,0.0,5.0,1.86,297.0
7.0,279.0,3.0,13.3,0.0,2.4,4,25.0,1.0,5.0,1.49,800.0
7.0,24.0,3.0,15.6,0.0,1.5,4,25.0,0.0,5.0,2.1,330.0
7.0,82.0,3.0,15.6,3.0,2.7,8,15.0,1.0,5.0,1.84,1219.0
10.0,144.0,3.0,15.6,3.0,2.7,8,9.0,2.0,4.0,2.2,685.0
4.0,418.0,3.0,14.0,3.0,2.5,8,15.0,1.0,5.0,1.6,859.0
7.0,313.0,3.0,13.3,3.0,2.5,8,15.0,1.0,5.0,1.11,1149.0
2.0,286.0,3.0,14.0,0.0,1.1,4,22.0,1.0,5.0,1.63,299.0
12.0,106.0,0.0,11.6,3.0,1.1,4,24.0,1.0,5.0,1.16,299.0
7.0,11.0,3.0,15.6,3.0,2.0,4,25.0,1.0,4.0,2.1,349.0
11.0,134.0,1.0,15.6,3.0,2.6,16,17.0,2.0,5.0,2.94,1819.0
7.0,34.0,3.0,15.6,3.0,2.5,8,15.0,1.0,5.0,1.86,690.0
7.0,34.0,3.0,15.6,3.0,2.0,4,25.0,1.0,4.0,1.86,344.99
10.0,356.0,0.0,14.0,9.0,2.5,8,15.0,1.0,5.0,1.27,2339.0
4.0,214.0,3.0,15.6,0.0,2.3,4,25.0,1.0,2.0,2.09,523.63
4.0,212.0,4.0,12.5,0.0,2.3,8,15.0,1.0,7.0,1.5,1413.1
2.0,461.0,0.0,13.3,3.0,1.6,8,15.0,1.0,5.0,1.1,1315.0
2.0,413.0,2.0,11.6,0.0,1.44,2,22.0,1.0,5.0,0.98,191.9
7.0,240.0,1.0,17.3,3.0,2.8,12,17.0,2.0,5.0,3.35,1999.0
4.0,441.0,3.0,15.6,13.0,2.5,8,15.0,2.0,5.0,2.06,1749.0
10.0,390.0,3.0,15.6,0.0,2.0,4,25.0,1.0,5.0,2.1,489.9
7.0,457.0,5.0,15.6,3.0,2.8,8,15.0,2.0,5.0,3.14,2064.9
2.0,431.0,3.0,15.6,3.0,2.4,6,15.0,2.0,5.0,2.0,577.0
11.0,129.0,1.0,15.6,3.0,2.6,16,4.0,2.0,5.0,1.91,2153.37
5.0,221.0,3.0,15.6,0.0,2.5,8,15.0,1.0,5.0,2.2,799.0
13.0,320.0,4.0,13.5,6.0,2.5,8,15.0,1.0,6.0,1.25,1340.0
10.0,149.0,3.0,15.6,3.0,1.1,4,25.0,1.0,5.0,2.2,344.0
10.0,217.0,1.0,15.6,3.0,2.8,8,17.0,2.0,4.0,2.4,1149.0
2.0,291.0,1.0,17.3,3.0,2.9,16,15.0,2.0,5.0,3.6,2999.0
2.0,472.0,3.0,14.0,3.0,2.5,8,15.0,1.0,5.0,2.0,945.0
10.0,162.0,1.0,15.6,3.0,2.6,8,4.0,2.0,5.0,2.6,1272.0
7.0,318.0,2.0,11.6,0.0,1.6,2,22.0,1.0,5.0,1.17,209.0
10.0,145.0,3.0,15.6,3.0,2.3,6,3.0,2.0,5.0,2.4,569.0
1.0,225.0,4.0,13.3,10.0,2.3,8,15.0,1.0,8.0,1.37,1518.55
2.0,107.0,1.0,17.3,3.0,2.6,16,4.0,2.0,5.0,4.3,2299.0
2.0,304.0,1.0,17.3,3.0,2.8,16,17.0,2.0,5.0,2.99,1749.0
0.0,40.0,3.0,15.6,0.0,2.5,4,15.0,1.0,5.0,2.1,599.0
2.0,461.0,0.0,13.3,3.0,2.5,8,15.0,1.0,5.0,1.1,1358.0
10.0,373.0,4.0,14.0,3.0,2.7,8,27.0,1.0,5.0,1.13,2499.0
16.0,307.0,3.0,15.6,0.0,2.1,4,3.0,1.0,5.0,2.1,498.0
10.0,152.0,3.0,15.6,0.0,2.0,4,3.0,1.0,4.0,2.2,369.0
7.0,243.0,4.0,15.6,3.0,1.8,8,15.0,2.0,5.0,1.83,699.0
2.0,473.0,4.0,14.0,3.0,2.7,8,15.0,1.0,5.0,1.25,1049.0
2.0,414.0,3.0,15.6,3.0,1.1,8,3.0,1.0,5.0,2.0,581.9
4.0,178.0,3.0,15.6,3.0,2.7,16,15.0,0.0,2.0,2.36,899.0
2.0,74.0,0.0,12.5,3.0,1.2,8,32.0,1.0,1.0,1.2,1159.0
7.0,457.0,5.0,17.3,3.0,2.6,8,15.0,2.0,7.0,3.0,3949.4
4.0,262.0,5.0,15.6,3.0,2.7,16,15.0,2.0,5.0,2.17,1975.0
10.0,370.0,3.0,14.0,3.0,2.7,8,15.0,1.0,5.0,1.58,1480.0
10.0,60.0,3.0,15.6,3.0,2.3,8,9.0,0.0,4.0,2.32,599.0
15.0,233.0,4.0,13.3,3.0,2.7,16,15.0,1.0,5.0,0.81,1649.0
1.0,223.0,4.0,12.0,7.0,1.2,8,15.0,1.0,8.0,0.92,1262.4
7.0,275.0,3.0,17.3,3.0,1.6,8,9.0,2.0,5.0,2.5,896.0
2.0,100.0,1.0,15.6,3.0,2.8,8,15.0,2.0,5.0,2.5,999.0
7.0,275.0,3.0,17.3,3.0,1.6,8,9.0,2.0,5.0,2.5,914.0
10.0,144.0,3.0,15.6,3.0,2.5,6,9.0,1.0,5.0,2.4,564.0
7.0,10.0,3.0,15.6,0.0,2.5,8,9.0,1.0,5.0,2.04,559.0
10.0,150.0,3.0,15.6,3.0,2.7,4,9.0,2.0,5.0,2.2,799.0
2.0,305.0,1.0,17.3,3.0,3.0,16,17.0,0.0,5.0,3.2,1549.0
7.0,275.0,3.0,17.3,2.0,2.5,8,9.0,2.0,5.0,2.63,910.0
7.0,7.0,3.0,15.6,3.0,2.0,6,9.0,0.0,5.0,2.04,539.0
10.0,384.0,3.0,15.6,0.0,1.1,4,3.0,1.0,4.0,1.9,270.62
10.0,143.0,3.0,17.3,2.0,2.3,8,0.0,0.0,5.0,3.0,659.0
10.0,395.0,3.0,15.6,3.0,2.5,4,10.0,1.0,5.0,2.1,621.45
7.0,272.0,3.0,13.3,3.0,1.6,8,27.0,1.0,5.0,1.49,959.0
2.0,461.0,0.0,13.3,3.0,1.8,8,31.0,1.0,5.0,1.1,1499.0
7.0,25.0,3.0,17.3,2.0,2.0,8,9.0,1.0,5.0,2.54,489.0
10.0,385.0,3.0,15.6,0.0,1.1,4,9.0,1.0,4.0,1.9,252.36
10.0,397.0,3.0,15.6,3.0,2.5,8,4.0,0.0,5.0,1.9,813.0
4.0,173.0,3.0,15.6,0.0,2.0,4,9.0,0.0,5.0,2.2,545.67
7.0,235.0,1.0,15.6,3.0,2.8,8,4.0,2.0,5.0,2.2,1099.0
10.0,357.0,4.0,12.5,3.0,2.6,8,15.0,1.0,5.0,1.36,1760.0
7.0,273.0,3.0,14.0,3.0,1.6,8,15.0,1.0,5.0,1.63,860.0
4.0,174.0,3.0,15.6,3.0,1.8,8,15.0,0.0,2.0,2.14,735.07
17.0,394.0,3.0,14.0,0.0,1.44,2,22.0,1.0,5.0,1.45,210.8
7.0,234.0,1.0,17.3,3.0,2.3,8,4.0,2.0,5.0,3.35,1129.0
2.0,467.0,3.0,15.6,3.0,2.7,8,17.0,1.0,5.0,2.0,1224.0
10.0,153.0,3.0,17.3,2.0,2.5,6,9.0,2.0,5.0,2.8,649.0
7.0,80.0,4.0,12.5,3.0,2.3,4,25.0,1.0,5.0,1.26,1579.0
2.0,36.0,3.0,15.6,0.0,1.1,4,25.0,1.0,2.0,2.0,224.0
4.0,178.0,3.0,15.6,3.0,2.7,8,15.0,0.0,5.0,2.33,899.0
7.0,6.0,3.0,15.6,3.0,1.6,6,15.0,0.0,5.0,1.91,619.0
4.0,210.0,4.0,12.5,3.0,2.5,8,15.0,1.0,5.0,1.36,1472.2
10.0,353.0,4.0,14.0,3.0,2.5,8,15.0,1.0,5.0,1.32,1499.0
10.0,445.0,0.0,15.6,3.0,2.5,8,15.0,0.0,5.0,2.08,959.0
4.0,180.0,3.0,15.6,3.0,1.8,8,5.0,0.0,5.0,2.2,985.0
2.0,103.0,1.0,17.3,3.0,2.8,12,9.0,2.0,2.0,3.0,949.0
16.0,331.0,3.0,15.6,3.0,2.5,8,25.0,1.0,5.0,2.0,1064.0
4.0,265.0,5.0,15.6,3.0,2.8,8,15.0,2.0,5.0,1.78,2408.0
0.0,321.0,4.0,14.0,3.0,1.8,8,15.0,1.0,5.0,1.6,884.0
4.0,173.0,3.0,15.6,0.0,2.4,8,9.0,1.0,5.0,2.3,469.01
16.0,250.0,4.0,12.5,3.0,2.7,8,27.0,1.0,5.0,1.1,1790.0
10.0,387.0,3.0,15.6,0.0,2.0,4,3.0,1.0,5.0,2.1,429.0
4.0,202.0,3.0,13.3,0.0,2.0,4,25.0,1.0,5.0,1.65,849.0
10.0,443.0,0.0,14.0,3.0,2.5,4,3.0,1.0,5.0,1.8,638.0
2.0,409.0,3.0,15.6,0.0,2.5,4,15.0,1.0,5.0,2.0,586.19
7.0,273.0,3.0,15.6,0.0,2.0,4,3.0,1.0,5.0,1.63,689.0
10.0,447.0,0.0,13.3,3.0,2.5,8,15.0,1.0,5.0,1.3,1034.0
7.0,274.0,3.0,15.6,3.0,2.4,4,25.0,1.0,5.0,2.04,685.0
11.0,127.0,1.0,14.0,3.0,2.6,16,17.0,2.0,5.0,1.7,1769.0
7.0,274.0,3.0,15.6,0.0,2.5,8,9.0,2.0,5.0,2.04,846.5
10.0,152.0,3.0,15.6,3.0,2.0,4,25.0,1.0,5.0,2.2,409.0
2.0,427.0,3.0,15.6,0.0,1.1,4,9.0,1.0,2.0,2.0,398.99
4.0,177.0,0.0,13.3,3.0,1.8,8,15.0,1.0,5.0,1.62,869.01
4.0,204.0,3.0,15.6,0.0,2.3,4,25.0,1.0,5.0,2.06,481.98
4.0,173.0,3.0,15.6,0.0,2.4,6,9.0,1.0,5.0,2.3,459.0
2.0,461.0,0.0,13.3,3.0,2.5,8,15.0,1.0,5.0,1.27,928.0
10.0,339.0,3.0,13.3,3.0,2.4,8,15.0,1.0,5.0,1.4,949.0
7.0,94.0,3.0,17.3,3.0,1.8,16,9.0,2.0,5.0,2.9,1059.0
10.0,155.0,3.0,15.6,3.0,2.5,16,1.0,0.0,5.0,2.5,1099.0
11.0,130.0,1.0,15.6,3.0,2.8,16,17.0,2.0,5.0,1.8,2094.48
4.0,441.0,3.0,15.6,13.0,2.8,16,27.0,2.0,5.0,2.06,2397.0
2.0,101.0,1.0,17.3,3.0,2.8,8,9.0,2.0,5.0,3.0,1187.0
4.0,190.0,1.0,15.6,3.0,2.5,8,15.0,2.0,5.0,2.65,1195.0
2.0,102.0,1.0,17.3,3.0,2.5,8,4.0,2.0,5.0,3.0,938.0
2.0,436.0,3.0,15.6,0.0,2.5,4,25.0,2.0,5.0,2.2,720.32
4.0,181.0,1.0,15.6,3.0,2.5,8,9.0,2.0,5.0,2.56,819.0
4.0,205.0,3.0,15.6,3.0,2.5,8,9.0,1.0,5.0,2.06,955.0
4.0,188.0,1.0,15.6,13.0,2.8,8,4.0,2.0,5.0,2.62,1498.0
4.0,441.0,3.0,15.6,13.0,2.8,16,11.0,2.0,5.0,2.06,2399.0
7.0,26.0,3.0,17.3,2.0,2.0,8,15.0,1.0,5.0,2.5,639.9
10.0,217.0,1.0,15.6,3.0,2.5,8,9.0,2.0,5.0,2.4,819.0
2.0,268.0,3.0,15.6,3.0,2.5,8,9.0,1.0,5.0,2.37,749.0
4.0,416.0,3.0,15.6,0.0,2.0,4,25.0,1.0,5.0,2.29,490.0
7.0,35.0,3.0,15.6,0.0,2.5,4,15.0,0.0,5.0,1.86,369.0
7.0,34.0,3.0,15.6,0.0,2.5,4,25.0,1.0,5.0,1.86,485.0
2.0,462.0,4.0,15.6,3.0,2.8,16,27.0,2.0,5.0,1.8,1983.0
7.0,76.0,0.0,11.6,0.0,1.1,4,22.0,1.0,1.0,1.4,615.0
4.0,208.0,3.0,15.6,3.0,2.6,16,27.0,1.0,5.0,1.93,1426.66
7.0,314.0,0.0,13.3,3.0,2.4,8,15.0,1.0,5.0,1.48,1629.0
0.0,56.0,3.0,15.6,0.0,2.0,4,25.0,1.0,5.0,2.4,410.8
7.0,34.0,3.0,15.6,3.0,1.6,4,15.0,1.0,5.0,1.86,398.99
16.0,249.0,3.0,13.3,0.0,2.3,8,15.0,1.0,5.0,1.5,1210.0
2.0,300.0,1.0,17.3,3.0,2.6,16,29.0,2.0,5.0,2.73,1799.0
4.0,185.0,3.0,17.3,3.0,1.8,8,4.0,0.0,2.0,2.8,1099.0
10.0,146.0,3.0,14.0,0.0,1.1,4,25.0,1.0,5.0,2.1,299.0
7.0,81.0,3.0,14.0,0.0,2.4,4,15.0,1.0,5.0,1.48,1099.99
11.0,120.0,1.0,17.3,3.0,2.8,8,17.0,2.0,5.0,2.7,1199.0
7.0,318.0,2.0,11.6,0.0,1.6,2,22.0,1.0,5.0,1.17,209.0
4.0,173.0,3.0,15.6,0.0,2.4,6,9.0,1.0,5.0,2.3,459.0
7.0,13.0,3.0,15.6,0.0,2.7,6,9.0,1.0,5.0,2.04,579.0
10.0,341.0,3.0,14.0,3.0,1.6,8,15.0,0.0,5.0,1.75,1116.02
7.0,275.0,3.0,17.3,3.0,2.7,8,15.0,2.0,5.0,2.63,1200.0
4.0,180.0,3.0,15.6,3.0,1.8,8,19.0,0.0,5.0,2.02,1142.4
0.0,57.0,3.0,15.6,3.0,2.5,8,17.0,2.0,5.0,2.4,799.0
10.0,157.0,3.0,14.0,3.0,2.7,8,27.0,0.0,4.0,1.5,799.0
7.0,232.0,3.0,15.6,3.0,2.7,8,9.0,2.0,5.0,1.91,979.0
4.0,415.0,3.0,15.6,0.0,2.3,4,25.0,1.0,7.0,2.24,737.0
0.0,54.0,3.0,15.6,0.0,1.6,4,25.0,1.0,2.0,2.4,289.0
10.0,341.0,3.0,14.0,3.0,1.6,8,15.0,1.0,5.0,1.75,1049.0
7.0,277.0,5.0,15.6,3.0,2.9,8,27.0,1.0,5.0,2.31,1534.0
2.0,411.0,4.0,15.6,3.0,2.5,8,15.0,2.0,5.0,1.7,977.0
4.0,172.0,3.0,15.6,0.0,1.6,4,25.0,1.0,2.0,2.2,324.0
2.0,464.0,4.0,13.3,3.0,2.5,8,15.0,1.0,5.0,1.45,1280.0
6.0,248.0,4.0,12.3,8.0,1.3,16,27.0,1.0,1.0,1.1,2199.0
4.0,172.0,3.0,15.6,0.0,1.6,4,25.0,1.0,2.0,2.2,274.9
4.0,185.0,3.0,17.3,3.0,1.6,8,4.0,0.0,2.0,2.8,889.0
7.0,275.0,3.0,17.3,3.0,1.6,8,4.0,2.0,5.0,2.5,977.0
10.0,361.0,3.0,15.6,3.0,2.5,8,15.0,2.0,5.0,2.3,1011.99
4.0,178.0,3.0,15.6,3.0,2.5,8,15.0,0.0,5.0,2.36,889.0
0.0,51.0,3.0,15.6,3.0,2.5,4,9.0,2.0,5.0,2.23,616.0
7.0,86.0,4.0,12.5,0.0,2.5,4,15.0,1.0,5.0,1.26,1559.0
10.0,349.0,3.0,14.0,3.0,2.3,8,8.0,1.0,7.0,1.7,1199.0
0.0,317.0,0.0,13.3,3.0,1.6,8,15.0,1.0,5.0,1.5,847.0
15.0,233.0,4.0,13.3,3.0,2.5,8,15.0,1.0,5.0,0.81,1499.0
4.0,180.0,3.0,15.6,3.0,1.8,8,15.0,0.0,5.0,2.2,919.0
11.0,112.0,1.0,17.3,3.0,2.8,16,17.0,2.0,5.0,2.9,2029.0
4.0,440.0,4.0,13.3,13.0,1.8,8,15.0,1.0,5.0,1.21,1949.0
0.0,40.0,3.0,15.6,0.0,3.0,6,9.0,0.0,5.0,2.1,409.0
4.0,419.0,3.0,15.6,3.0,2.5,8,15.0,1.0,5.0,2.18,795.0
1.0,225.0,4.0,15.4,11.0,2.7,16,27.0,0.0,8.0,1.83,2537.45
10.0,217.0,1.0,15.6,3.0,2.8,16,27.0,2.0,5.0,2.4,1199.0
10.0,404.0,3.0,15.6,3.0,1.6,8,15.0,1.0,5.0,2.05,739.0
7.0,315.0,0.0,13.3,13.0,1.6,8,15.0,1.0,5.0,1.29,1499.0
4.0,37.0,1.0,15.6,3.0,2.9,16,17.0,2.0,5.0,3.49,2813.75
10.0,144.0,3.0,15.6,3.0,2.5,4,9.0,2.0,5.0,2.4,609.0
11.0,108.0,1.0,15.6,3.0,2.6,8,4.0,2.0,5.0,2.4,1229.0
10.0,159.0,3.0,14.0,3.0,2.5,4,15.0,1.0,5.0,1.7,699.0
4.0,181.0,1.0,15.6,3.0,2.8,8,4.0,2.0,5.0,2.56,1060.49
10.0,355.0,3.0,15.6,3.0,2.7,8,27.0,1.0,5.0,1.99,1729.0
10.0,391.0,3.0,15.6,0.0,2.3,4,3.0,1.0,5.0,2.1,493.0
7.0,81.0,3.0,14.0,3.0,2.3,4,25.0,1.0,5.0,1.54,1000.0
4.0,440.0,4.0,13.3,13.0,1.8,16,11.0,1.0,5.0,1.21,2499.0
10.0,166.0,3.0,15.6,3.0,2.5,6,15.0,1.0,5.0,2.2,579.0
10.0,217.0,1.0,15.6,3.0,2.8,8,4.0,2.0,5.0,2.5,1048.0
10.0,450.0,0.0,13.3,12.0,2.5,16,27.0,1.0,5.0,1.3,1499.0
4.0,440.0,4.0,13.3,12.0,2.7,8,15.0,1.0,5.0,1.29,1477.0
2.0,98.0,1.0,15.6,3.0,3.0,8,9.0,0.0,5.0,2.45,699.0
2.0,423.0,3.0,15.6,3.0,1.1,4,9.0,1.0,5.0,2.0,344.0
4.0,208.0,3.0,15.6,0.0,2.5,4,25.0,1.0,5.0,1.9,825.0
2.0,301.0,1.0,17.3,3.0,2.8,8,17.0,2.0,5.0,2.7,1599.0
2.0,412.0,3.0,15.6,0.0,1.8,4,25.0,0.0,5.0,2.0,349.0
0.0,58.0,3.0,15.6,3.0,2.5,12,4.0,2.0,5.0,2.4,1009.0
7.0,1.0,3.0,15.6,0.0,2.5,6,9.0,0.0,5.0,2.19,764.0
2.0,296.0,1.0,15.6,3.0,2.6,16,17.0,2.0,5.0,2.34,2325.0
10.0,153.0,3.0,17.3,2.0,2.5,4,9.0,2.0,5.0,2.79,589.0
10.0,373.0,4.0,14.0,9.0,2.7,8,27.0,1.0,5.0,1.13,2282.0
0.0,378.0,3.0,13.3,0.0,2.3,4,3.0,1.0,5.0,1.6,655.0
13.0,320.0,4.0,13.5,6.0,2.2,4,3.0,1.0,6.0,1.25,989.0
7.0,84.0,0.0,13.3,3.0,2.5,4,15.0,1.0,5.0,1.28,1700.0
10.0,149.0,3.0,15.6,0.0,1.1,4,9.0,1.0,5.0,2.2,309.0
10.0,142.0,3.0,15.6,0.0,2.3,8,9.0,1.0,5.0,2.29,459.0
7.0,244.0,1.0,15.6,3.0,2.8,8,9.0,2.0,5.0,2.62,899.0
10.0,162.0,3.0,15.6,3.0,2.6,8,9.0,2.0,5.0,2.6,899.0
4.0,440.0,4.0,13.3,3.0,1.6,8,15.0,1.0,5.0,1.23,1399.0
1.0,225.0,4.0,13.3,10.0,2.9,8,27.0,1.0,8.0,1.37,1958.9
4.0,419.0,3.0,15.6,3.0,2.5,8,9.0,1.0,5.0,2.18,836.0
10.0,141.0,3.0,14.0,0.0,1.6,2,22.0,1.0,5.0,1.42,249.0
7.0,280.0,3.0,14.0,0.0,2.5,4,25.0,1.0,5.0,1.64,779.0
4.0,440.0,4.0,13.3,3.0,2.7,8,15.0,1.0,5.0,1.29,1458.0
4.0,178.0,3.0,15.6,0.0,2.0,4,3.0,0.0,5.0,2.3,499.0
4.0,440.0,4.0,13.3,3.0,2.5,8,15.0,1.0,5.0,1.29,1499.0
4.0,416.0,3.0,15.6,0.0,2.4,4,9.0,1.0,5.0,2.18,586.6
7.0,34.0,3.0,15.6,0.0,1.6,4,25.0,1.0,4.0,1.86,259.0
0.0,266.0,1.0,17.3,3.0,2.6,16,4.0,2.0,5.0,4.2,1935.0
2.0,287.0,1.0,17.3,3.0,2.7,32,27.0,2.0,5.0,3.8,2799.0
18.0,228.0,4.0,13.3,3.0,2.3,8,15.0,2.0,5.0,1.28,935.0
11.0,139.0,1.0,18.4,3.0,2.9,32,29.0,2.0,5.0,4.4,2799.0
0.0,72.0,3.0,15.6,0.0,1.5,2,7.0,1.0,1.0,2.19,199.0
10.0,148.0,3.0,15.6,3.0,2.5,4,3.0,0.0,5.0,2.2,399.0
7.0,32.0,3.0,15.6,0.0,2.3,4,25.0,1.0,4.0,2.1,476.99
4.0,181.0,1.0,15.6,3.0,2.5,8,15.0,2.0,5.0,2.56,879.0
7.0,272.0,3.0,13.3,3.0,1.6,4,25.0,1.0,5.0,1.49,675.0
16.0,335.0,4.0,14.0,3.0,2.6,16,27.0,2.0,5.0,1.47,1764.0
7.0,84.0,0.0,13.3,3.0,2.8,16,15.0,1.0,5.0,1.28,1975.0
4.0,173.0,3.0,15.6,0.0,2.4,6,9.0,1.0,5.0,2.3,459.0
10.0,217.0,1.0,15.6,3.0,2.8,8,4.0,2.0,5.0,2.5,1249.0
0.0,51.0,3.0,15.6,3.0,2.7,8,15.0,2.0,5.0,2.2,832.0
4.0,440.0,4.0,13.3,13.0,1.6,8,3.0,1.0,5.0,1.21,1599.0
0.0,231.0,1.0,15.6,3.0,2.8,8,4.0,2.0,5.0,2.7,1260.0
10.0,151.0,3.0,15.6,0.0,2.5,8,21.0,2.0,4.0,2.2,549.0
11.0,132.0,1.0,17.3,3.0,2.8,16,19.0,2.0,5.0,2.43,2449.0
15.0,233.0,4.0,15.0,3.0,2.7,8,15.0,1.0,5.0,1.17,1699.0
10.0,342.0,3.0,15.6,0.0,2.0,4,3.0,1.0,5.0,2.3,565.0
10.0,401.0,3.0,15.6,3.0,2.5,8,4.0,0.0,5.0,1.9,817.95
10.0,151.0,3.0,15.6,3.0,2.5,4,3.0,1.0,4.0,2.2,468.0
4.0,188.0,1.0,15.6,3.0,2.8,8,9.0,2.0,5.0,2.62,1199.0
4.0,180.0,4.0,15.6,3.0,1.6,8,9.0,0.0,5.0,1.9,663.0
10.0,340.0,3.0,14.0,3.0,2.5,4,25.0,1.0,5.0,1.87,785.0
2.0,288.0,1.0,17.3,3.0,2.8,16,17.0,2.0,5.0,4.3,1799.0
7.0,273.0,3.0,14.0,3.0,2.5,8,15.0,2.0,5.0,1.64,1049.26
7.0,31.0,3.0,17.3,3.0,2.5,6,21.0,0.0,5.0,2.71,699.0
16.0,307.0,3.0,13.3,3.0,2.5,8,15.0,1.0,5.0,1.5,973.0
7.0,284.0,3.0,15.6,3.0,2.3,8,15.0,1.0,5.0,2.31,1165.0
2.0,426.0,3.0,15.6,0.0,1.1,4,9.0,1.0,5.0,2.0,339.0
7.0,283.0,3.0,14.0,3.0,2.3,8,15.0,1.0,7.0,1.95,1195.0
0.0,322.0,4.0,13.3,3.0,1.2,8,15.0,1.0,5.0,1.12,989.0
4.0,188.0,1.0,15.6,3.0,2.5,8,1.0,2.0,5.0,2.65,949.0
12.0,311.0,3.0,13.3,3.0,1.1,4,24.0,1.0,5.0,1.2,369.0
16.0,327.0,3.0,14.0,0.0,2.3,4,25.0,1.0,5.0,1.75,915.0
2.0,410.0,1.0,15.6,3.0,2.8,8,4.0,2.0,5.0,1.99,1350.0
7.0,17.0,3.0,15.6,3.0,3.0,4,15.0,0.0,5.0,1.91,488.99
4.0,180.0,3.0,15.6,3.0,1.6,8,4.0,0.0,5.0,2.2,719.0
10.0,144.0,4.0,15.6,3.0,2.7,6,15.0,2.0,5.0,1.54,831.0
7.0,80.0,4.0,12.5,0.0,2.3,4,15.0,1.0,5.0,1.26,1244.0
4.0,440.0,4.0,13.3,3.0,2.4,8,15.0,1.0,5.0,1.23,1379.0
10.0,355.0,3.0,15.6,3.0,2.5,8,27.0,1.0,5.0,1.95,1962.99
4.0,180.0,3.0,15.6,3.0,1.6,8,21.0,0.0,5.0,2.02,759.0
4.0,440.0,4.0,13.3,3.0,1.8,8,15.0,1.0,5.0,1.21,1649.0
2.0,104.0,1.0,17.3,3.0,2.8,16,17.0,2.0,5.0,3.0,1504.0
16.0,329.0,3.0,15.6,3.0,2.5,16,27.0,2.0,5.0,2.4,1403.0
0.0,55.0,3.0,15.6,0.0,1.1,4,25.0,1.0,5.0,2.4,380.0
10.0,448.0,0.0,15.6,13.0,2.8,16,27.0,2.0,5.0,2.0,1899.0
4.0,173.0,3.0,15.6,0.0,2.5,8,21.0,1.0,5.0,2.36,557.37
3.0,199.0,3.0,15.6,3.0,1.44,4,32.0,1.0,5.0,1.89,248.9
4.0,192.0,0.0,17.3,3.0,1.6,12,9.0,2.0,5.0,2.77,999.0
10.0,160.0,3.0,13.3,3.0,2.5,8,15.0,1.0,5.0,1.1,999.0
11.0,113.0,1.0,17.3,3.0,2.8,16,17.0,2.0,5.0,2.7,1598.0
7.0,460.0,5.0,17.3,3.0,2.9,16,15.0,2.0,7.0,3.0,4389.0
14.0,64.0,4.0,12.5,13.0,2.5,8,15.0,1.0,5.0,1.25,1029.0
7.0,236.0,1.0,17.3,3.0,2.8,12,9.0,2.0,5.0,2.62,1799.0
4.0,207.0,3.0,14.0,3.0,2.8,8,15.0,2.0,5.0,1.64,1179.0
1.0,224.0,4.0,11.6,0.0,1.6,4,14.0,1.0,3.0,1.08,959.0
10.0,450.0,0.0,13.3,12.0,2.2,16,11.0,1.0,5.0,1.3,1799.0
0.0,41.0,3.0,17.3,3.0,2.7,4,15.0,2.0,5.0,3.0,702.0
3.0,198.0,3.0,15.6,3.0,1.44,4,32.0,1.0,5.0,1.89,244.99
4.0,212.0,4.0,12.5,0.0,2.3,4,25.0,1.0,7.0,1.5,1135.15
7.0,12.0,3.0,15.6,0.0,2.5,8,15.0,1.0,5.0,1.91,579.0
2.0,471.0,4.0,13.3,12.0,2.5,8,15.0,1.0,5.0,1.2,1129.0
4.0,188.0,1.0,15.6,13.0,2.8,16,27.0,2.0,5.0,2.62,1679.0
4.0,173.0,3.0,15.6,3.0,2.5,8,9.0,0.0,5.0,2.24,565.0
7.0,82.0,3.0,15.6,0.0,2.3,4,25.0,1.0,7.0,1.88,932.0
4.0,38.0,1.0,17.3,13.0,2.8,32,29.0,2.0,5.0,4.42,3147.37
7.0,278.0,0.0,11.6,0.0,1.1,4,15.0,1.0,5.0,1.45,775.0
4.0,440.0,0.0,13.3,12.0,1.3,8,27.0,1.0,5.0,1.24,2013.1
10.0,147.0,3.0,15.6,3.0,3.6,6,15.0,0.0,5.0,2.2,549.0
10.0,448.0,0.0,15.6,3.0,2.8,8,15.0,1.0,5.0,2.0,1299.0
14.0,64.0,4.0,12.5,13.0,2.5,16,27.0,1.0,5.0,1.29,1799.0
10.0,453.0,0.0,13.9,13.0,1.8,16,27.0,1.0,5.0,1.4,1849.0
7.0,28.0,3.0,17.3,3.0,2.5,4,25.0,0.0,5.0,2.71,439.0
2.0,380.0,3.0,14.0,3.0,2.4,4,15.0,1.0,5.0,2.0,769.0
7.0,242.0,3.0,15.6,3.0,2.6,6,9.0,2.0,5.0,2.18,799.0
7.0,272.0,3.0,13.3,3.0,1.8,8,27.0,1.0,5.0,1.49,1103.0
4.0,440.0,4.0,13.3,12.0,2.4,8,15.0,1.0,5.0,1.23,1379.0
0.0,41.0,3.0,15.6,3.0,1.8,8,9.0,2.0,5.0,2.2,689.0
4.0,263.0,5.0,15.6,3.0,2.7,8,15.0,2.0,5.0,2.0,2135.0
4.0,417.0,4.0,13.3,3.0,1.6,8,15.0,1.0,5.0,1.41,949.0
10.0,153.0,3.0,17.3,2.0,2.7,6,4.0,2.0,5.0,2.8,949.0
7.0,457.0,5.0,17.3,3.0,2.6,8,9.0,0.0,7.0,3.0,2899.0
4.0,173.0,3.0,15.6,0.0,2.4,6,9.0,1.0,5.0,2.3,439.0
2.0,407.0,3.0,14.0,0.0,1.1,4,22.0,1.0,5.0,1.5,286.0
12.0,312.0,3.0,14.0,4.0,1.92,4,23.0,1.0,5.0,1.4,265.0
1.0,223.0,4.0,12.0,7.0,1.2,8,26.0,1.0,3.0,0.92,1279.0
10.0,369.0,4.0,14.0,3.0,2.6,12,15.0,1.0,5.0,1.4,1673.0
7.0,8.0,3.0,15.6,0.0,2.5,8,21.0,0.0,5.0,2.04,629.0
4.0,180.0,3.0,15.6,3.0,1.6,4,15.0,0.0,5.0,2.2,749.0
10.0,359.0,3.0,13.3,3.0,2.4,4,8.0,1.0,5.0,1.44,735.0
16.0,257.0,3.0,13.3,3.0,2.3,4,3.0,1.0,7.0,1.2,1195.0
10.0,358.0,0.0,13.3,3.0,2.7,8,27.0,1.0,5.0,1.37,1970.0
4.0,211.0,4.0,14.0,3.0,2.5,8,15.0,1.0,5.0,1.36,1639.0
4.0,177.0,0.0,13.3,3.0,1.8,16,27.0,1.0,5.0,1.62,1279.0
7.0,274.0,3.0,15.6,3.0,1.8,16,27.0,1.0,5.0,2.1,1159.0
10.0,454.0,0.0,10.1,4.0,1.44,4,32.0,1.0,0.0,0.69,319.0
7.0,319.0,3.0,14.0,0.0,1.6,2,22.0,1.0,5.0,1.44,249.0
2.0,99.0,3.0,15.6,3.0,2.5,8,4.0,2.0,5.0,2.5,839.0
10.0,164.0,1.0,17.3,3.0,2.7,32,17.0,2.0,5.0,4.6,2663.0
14.0,63.0,1.0,17.3,13.0,2.9,32,27.0,2.0,5.0,3.49,5499.0
2.0,292.0,1.0,17.3,3.0,2.6,16,9.0,2.0,4.0,4.0,998.0
11.0,131.0,1.0,17.3,3.0,2.6,8,15.0,2.0,5.0,2.6,1599.0
7.0,34.0,3.0,15.6,0.0,1.6,4,9.0,1.0,4.0,1.86,288.9
0.0,45.0,3.0,15.6,3.0,2.7,4,25.0,2.0,5.0,2.2,639.0
7.0,90.0,4.0,13.3,3.0,2.7,8,27.0,1.0,5.0,1.34,1323.0
7.0,282.0,3.0,17.3,3.0,2.5,8,15.0,2.0,5.0,2.63,1080.0
0.0,54.0,3.0,15.6,0.0,1.6,4,25.0,1.0,2.0,2.4,289.0
4.0,188.0,1.0,15.6,3.0,2.8,8,9.0,2.0,5.0,2.62,1099.0
11.0,123.0,1.0,15.6,3.0,2.8,16,17.0,2.0,5.0,2.2,1299.0
4.0,173.0,3.0,15.6,3.0,2.5,4,15.0,0.0,5.0,2.3,639.0
4.0,416.0,3.0,15.6,3.0,2.5,8,15.0,1.0,5.0,2.18,750.0
4.0,416.0,3.0,15.6,0.0,2.0,4,9.0,0.0,2.0,2.18,455.7
10.0,356.0,0.0,14.0,9.0,2.3,8,15.0,1.0,5.0,1.36,1637.0
4.0,208.0,3.0,15.6,0.0,2.6,4,25.0,1.0,5.0,1.93,959.0
7.0,282.0,3.0,17.3,3.0,1.8,8,15.0,2.0,5.0,2.5,1045.0
4.0,419.0,3.0,15.6,3.0,2.5,4,4.0,2.0,5.0,2.18,912.5
12.0,310.0,3.0,14.0,3.0,1.44,4,24.0,1.0,5.0,1.4,249.0
4.0,173.0,3.0,15.6,3.0,2.7,8,15.0,0.0,5.0,2.2,745.0
0.0,54.0,3.0,15.6,0.0,1.6,4,25.0,1.0,2.0,2.4,289.0
2.0,474.0,3.0,15.6,13.0,2.7,8,17.0,2.0,5.0,2.0,1299.0
16.0,256.0,4.0,13.3,3.0,2.5,8,15.0,1.0,5.0,1.2,1363.0
2.0,303.0,1.0,17.3,3.0,2.5,12,4.0,2.0,5.0,2.2,1369.9
7.0,87.0,3.0,14.0,3.0,2.5,4,15.0,1.0,5.0,1.48,1590.0
4.0,188.0,1.0,15.6,3.0,2.8,16,17.0,2.0,5.0,2.62,1479.0
4.0,172.0,3.0,15.6,0.0,1.6,4,25.0,1.0,5.0,2.2,443.99
0.0,324.0,3.0,14.0,3.0,2.5,8,15.0,1.0,5.0,1.56,902.0
16.0,338.0,3.0,15.6,3.0,2.5,8,15.0,1.0,5.0,2.0,1258.0
7.0,34.0,3.0,15.6,3.0,2.0,8,15.0,1.0,5.0,1.86,539.0
7.0,277.0,3.0,14.0,0.0,2.5,4,25.0,1.0,5.0,2.31,1189.0
2.0,424.0,3.0,15.6,0.0,1.1,4,9.0,1.0,2.0,2.0,274.99
2.0,436.0,3.0,15.6,0.0,2.5,4,25.0,2.0,5.0,2.2,720.32
7.0,274.0,3.0,15.6,3.0,2.5,4,15.0,1.0,5.0,2.04,839.0
7.0,274.0,3.0,15.6,0.0,2.5,4,15.0,1.0,5.0,2.04,979.0
7.0,274.0,3.0,15.6,3.0,2.4,4,3.0,1.0,5.0,2.1,705.5
2.0,439.0,3.0,17.3,2.0,1.6,4,9.0,2.0,5.0,2.8,530.0
4.0,175.0,3.0,13.3,3.0,2.3,8,9.0,1.0,5.0,1.62,649.0
4.0,187.0,1.0,15.6,13.0,2.6,16,4.0,2.0,5.0,2.72,1099.0
7.0,16.0,3.0,15.6,3.0,2.5,4,15.0,0.0,5.0,1.91,478.89
10.0,356.0,4.0,14.0,3.0,2.5,8,14.0,1.0,5.0,1.13,1875.0
2.0,297.0,1.0,15.6,3.0,2.6,16,4.0,2.0,5.0,2.59,1339.0
4.0,38.0,1.0,17.3,3.0,2.8,16,4.0,2.0,5.0,4.42,3012.77
4.0,186.0,0.0,13.3,3.0,2.5,8,15.0,1.0,5.0,1.6,1199.0
10.0,163.0,1.0,17.3,3.0,2.7,32,28.0,2.0,5.0,4.6,3240.0
10.0,147.0,3.0,15.6,0.0,3.6,8,9.0,0.0,5.0,2.2,429.0
10.0,339.0,3.0,13.3,3.0,2.5,8,15.0,1.0,5.0,1.44,949.0
10.0,442.0,0.0,14.0,3.0,2.3,4,3.0,1.0,5.0,1.8,833.01
2.0,420.0,3.0,15.6,0.0,3.0,4,9.0,0.0,5.0,1.68,469.0
4.0,207.0,3.0,14.0,0.0,2.5,4,25.0,1.0,5.0,1.6,875.0
10.0,399.0,3.0,15.6,3.0,2.0,4,3.0,1.0,4.0,1.85,403.5
0.0,321.0,4.0,14.0,3.0,2.5,8,15.0,1.0,5.0,1.8,919.0
10.0,452.0,0.0,14.0,3.0,2.7,16,27.0,1.0,5.0,1.38,1749.0
10.0,351.0,3.0,14.0,3.0,2.5,8,15.0,1.0,5.0,1.65,1345.0
7.0,0.0,3.0,14.0,0.0,1.6,8,21.0,1.0,5.0,1.94,389.0
1.0,223.0,4.0,12.0,7.0,1.1,8,14.0,1.0,3.0,0.92,1300.0
4.0,178.0,3.0,15.6,0.0,2.7,12,9.0,1.0,5.0,2.3,713.07
10.0,392.0,3.0,15.6,0.0,2.3,4,25.0,1.0,4.0,2.1,398.0
7.0,241.0,3.0,15.6,3.0,2.9,6,1.0,0.0,5.0,2.04,549.99
10.0,148.0,3.0,15.6,3.0,2.9,4,15.0,0.0,5.0,2.2,399.0
10.0,167.0,3.0,15.6,0.0,1.8,12,9.0,1.0,5.0,2.2,609.0
18.0,228.0,4.0,13.3,3.0,2.5,8,15.0,2.0,4.0,1.3,999.9
7.0,284.0,3.0,15.6,3.0,2.3,4,25.0,1.0,7.0,2.31,940.0
4.0,213.0,3.0,14.0,0.0,2.3,8,3.0,1.0,5.0,1.79,740.0
10.0,148.0,3.0,15.6,0.0,2.9,4,25.0,0.0,4.0,2.2,309.0
10.0,148.0,3.0,15.6,0.0,2.2,4,25.0,0.0,5.0,2.2,299.0
10.0,344.0,3.0,14.0,0.0,2.5,4,25.0,1.0,5.0,2.02,990.0
4.0,190.0,1.0,15.6,13.0,2.8,16,29.0,2.0,5.0,2.65,1845.0
18.0,228.0,3.0,15.6,3.0,1.6,8,15.0,2.0,4.0,1.95,1199.0
10.0,365.0,5.0,15.6,13.0,2.8,16,11.0,2.0,5.0,2.5,3299.0
7.0,1.0,3.0,15.6,0.0,2.5,6,9.0,0.0,5.0,2.19,764.0
0.0,71.0,0.0,11.6,0.0,1.6,4,22.0,1.0,1.0,1.25,389.0
16.0,254.0,3.0,13.3,3.0,2.3,4,3.0,1.0,5.0,1.2,1195.0
0.0,53.0,3.0,15.6,0.0,2.2,8,9.0,0.0,5.0,2.4,449.0
4.0,211.0,4.0,14.0,3.0,2.8,8,15.0,1.0,5.0,1.36,1775.0
4.0,173.0,3.0,15.6,0.0,2.7,8,9.0,0.0,2.0,2.3,805.99
